Genus	Species	Strain	Name	6-phosphate-β-galactosidase activity	Acid Phosphatase activity	acidogenic	aerobe	agarase activity	alanine arylamidase activity	Alkaline Phosphatase activity	amylase activity	anaerobic	arginase	arginine aminopeptidase activity	arginine arylamidase activity	arginine dihydrolase activity	biogeochemical cycling of sulfur and sulfide metals	caseinase activity	Catalase activity	cellulase activity	chemolitotrophic	chitinase activity	chymotrypsin activity	cystine arylamidase activity	cytochrome oxidase activity	degrading chitin derivatives	denitrification and oxidation of organic acids	Denitrification nitrate to N2	Denitrification nitrite to N2O	Denitrifies nitrate	Denitrifies nitrite	Dnase activity	esterase C4 activity	esterase lipase C8 activity	facultatively anaerobic	fermentative	gelatinase activity	glicine aminopeptidase activity	glutamate decarboxylase activity	glutamyl glutamate arylamidase activity	glycin arylamidase activity	Gram negative	Gram positive	histidine arylamidase activity	L-arginine arylamidase activity	lack cell wall	lectinase activity	leucine arylamidase activity	Leucylglycin arylamidase activity	lipase C14 activity	N-acetyl-β-glucosaminidase activity	naphthol-AS-BI-phosphohydrolase activity	Oxidase activity	oxidizing ferrous-iron	phenylalanine aminopeptidase activity	phenylalanine arylamidase activity	proline aminopeptidase activity	proline arylamydase activity	protease activity	Proteolytic	pyrazinamidase activity	pyroglutamate arylamidase	pyrrolidone aminopeptidase activity	pyrrolidonyl arylamidase activity	reduce humic acid	Reduce N2O to N2	Reduces nitrate to nitrite	reduces sulfate to sulfide	reducing nitrate and nitrite	serine aminopeptidase activity	serine arylamidase activity	spore-forming	Strictly aerobic	Strictly anaerobe	Susceptible to Chloramphenicol	Susceptible to Clindamycin	Susceptible to Penicilin G	Susceptible to Tetracycline	trypsin activity	tyrosine arylamidase activity	Urease activity	valine arylamidase activity	xylanase activity	α-arabinosidase activity	α-chymotrypsine activity	α-fucosidase activity	α-galactosidase activity	α-glucosidase activity	α-mannosidase activity	β-galactosidase 6-phosphate activity	β-galactosidase activity	β-glucosaminidase activity	β-glucosidase activity	β-glucuronidase activity	β-N-acetyl-β-glucosaminidase activity
Advenella	faeciporci	JCM17746T,KCTC23732T,M-07T	Advenella faeciporci	NA	no	yes	NA	NA	NA	yes	NA	NA	NA	NA	NA	no	NA	NA	yes	NA	NA	NA	NA	no	NA	NA	NA	NA	NA	no	yes	NA	yes	yes	NA	yes	NA	NA	NA	NA	NA	yes	NA	NA	NA	NA	NA	yes	NA	no	no	yes	yes	NA	NA	NA	NA	NA	NA	NA	NA	NA	NA	NA	NA	NA	no	NA	NA	NA	NA	NA	NA	NA	NA	NA	NA	NA	no	NA	no	yes	NA	NA	no	no	no	no	no	NA	no	NA	no	no	NA
Advenella	incenata	LMG22250T,CCUG45225T	Advenella incenata	NA	yes	NA	NA	NA	NA	yes	NA	NA	NA	NA	NA	no	NA	NA	NA	NA	NA	NA	NA	yes	NA	NA	NA	NA	NA	NA	no	NA	yes	yes	NA	yes	NA	NA	NA	NA	NA	NA	NA	NA	NA	NA	NA	yes	NA	no	no	yes	NA	NA	NA	NA	NA	NA	NA	NA	NA	NA	NA	NA	NA	NA	no	NA	NA	NA	NA	NA	NA	NA	NA	NA	NA	NA	no	NA	yes	yes	NA	NA	no	no	no	no	no	NA	no	NA	no	no	NA
Advenella	kashmirensis	LMG22695T,MTCC7002T,WT001T	Advenella kashmirensis	NA	yes	NA	yes	NA	NA	yes	NA	NA	NA	NA	NA	no	NA	NA	NA	NA	yes	NA	NA	no	NA	NA	NA	NA	NA	NA	no	NA	yes	yes	NA	yes	NA	NA	NA	NA	NA	yes	NA	NA	NA	NA	NA	yes	NA	no	no	yes	NA	NA	NA	NA	NA	NA	NA	NA	NA	NA	NA	NA	NA	NA	yes	NA	NA	NA	NA	NA	NA	NA	NA	NA	NA	NA	no	NA	yes	yes	NA	NA	no	no	no	no	no	NA	no	NA	no	no	NA
Advenella	mimigardefordensis	DSM17166T,LMG22922T,DPN7T	Advenella mimigardefordensis	NA	yes	NA	yes	NA	NA	yes	NA	NA	NA	NA	NA	no	NA	NA	NA	NA	NA	NA	NA	no	NA	NA	NA	NA	NA	NA	no	NA	yes	yes	NA	yes	NA	NA	NA	NA	NA	yes	NA	NA	NA	NA	NA	yes	NA	no	no	yes	NA	NA	NA	NA	NA	NA	NA	NA	NA	NA	NA	NA	NA	NA	no	NA	NA	NA	NA	no	NA	NA	NA	NA	NA	NA	no	NA	yes	yes	NA	NA	no	no	no	no	no	NA	no	NA	no	no	NA
Alkaliflexus	imshenetskii	Z-7010T	Alkaliflexus imshenetskii	NA	NA	NA	NA	NA	NA	NA	NA	yes	NA	NA	NA	NA	NA	NA	yes	NA	NA	NA	NA	NA	NA	NA	NA	NA	NA	NA	NA	NA	NA	NA	NA	yes	NA	NA	NA	NA	NA	NA	NA	NA	NA	NA	NA	NA	NA	NA	NA	NA	NA	NA	NA	NA	NA	NA	NA	NA	NA	NA	NA	NA	NA	NA	NA	NA	NA	NA	NA	no	NA	NA	NA	NA	NA	NA	NA	NA	NA	NA	NA	NA	NA	NA	NA	NA	NA	NA	NA	NA	NA	NA	NA
Alkalitalea	saponilacus	ATCCBAA-2172T,DSM24412T,SC/BZ-SP2T	Alkalitalea saponilacus	NA	yes	yes	NA	NA	NA	yes	NA	NA	NA	NA	NA	NA	NA	NA	no	NA	NA	NA	NA	no	NA	NA	NA	NA	NA	NA	NA	NA	yes	yes	NA	yes	NA	NA	NA	NA	NA	NA	NA	NA	NA	NA	NA	no	NA	no	no	yes	no	NA	NA	NA	NA	NA	NA	NA	NA	NA	NA	NA	NA	NA	NA	yes	NA	NA	NA	no	NA	yes	NA	NA	NA	NA	no	NA	NA	no	NA	NA	no	no	yes	no	no	NA	yes	NA	no	yes	NA
Anaerophaga	thermohalophila	Fru22T	Anaerophaga thermohalophila	NA	NA	NA	NA	NA	NA	NA	NA	NA	NA	NA	NA	NA	NA	NA	no	NA	NA	NA	NA	NA	NA	NA	NA	NA	NA	NA	NA	NA	NA	NA	NA	yes	NA	NA	NA	NA	NA	NA	NA	NA	NA	NA	NA	NA	NA	NA	NA	NA	NA	NA	NA	NA	NA	NA	NA	NA	NA	NA	NA	NA	NA	NA	NA	NA	NA	NA	NA	yes	NA	yes	NA	NA	NA	NA	NA	NA	NA	NA	NA	NA	NA	NA	NA	NA	NA	NA	NA	NA	NA	NA	NA
Azoarcus	evansii	KB740T	Azoarcus evansii	NA	NA	NA	yes	NA	NA	NA	NA	NA	NA	NA	NA	NA	NA	NA	NA	NA	NA	NA	NA	NA	NA	NA	NA	NA	NA	NA	NA	NA	NA	NA	NA	NA	NA	NA	NA	NA	NA	yes	NA	NA	NA	NA	NA	NA	NA	NA	NA	NA	no	NA	NA	NA	NA	NA	NA	NA	NA	NA	NA	NA	NA	NA	NA	NA	NA	NA	NA	NA	NA	NA	NA	NA	NA	NA	NA	NA	NA	NA	NA	NA	NA	NA	NA	NA	NA	NA	NA	NA	NA	NA	NA
Bacteroides	caccae	ATCC43185	Bacteroides caccae	NA	NA	yes	NA	NA	NA	NA	NA	NA	NA	yes	NA	NA	NA	NA	no	NA	NA	NA	NA	NA	NA	NA	NA	NA	NA	NA	NA	NA	NA	NA	NA	yes	NA	yes	NA	NA	NA	NA	NA	NA	NA	NA	NA	NA	NA	NA	NA	NA	NA	NA	yes	NA	yes	NA	NA	NA	NA	NA	no	NA	NA	NA	NA	NA	NA	yes	NA	NA	NA	NA	yes	yes	no	no	NA	NA	NA	NA	NA	NA	NA	yes	yes	yes	NA	NA	yes	NA	yes	NA	NA
Bacteroides	merdae	ATCC43184	Bacteroides merdae	NA	NA	NA	NA	NA	NA	NA	NA	NA	NA	yes	NA	NA	NA	NA	no	NA	NA	NA	NA	NA	NA	NA	NA	NA	NA	NA	NA	NA	NA	NA	NA	yes	NA	yes	NA	NA	NA	NA	NA	NA	NA	NA	NA	NA	NA	NA	NA	NA	NA	NA	yes	NA	no	NA	NA	NA	NA	NA	no	NA	NA	NA	NA	NA	NA	yes	NA	NA	NA	NA	yes	yes	no	no	NA	NA	NA	NA	NA	NA	NA	no	yes	yes	NA	NA	yes	NA	yes	NA	NA
Bacteroides	stercoris	ATCC43183	Bacteroides stercoris	NA	NA	NA	NA	NA	NA	NA	NA	NA	NA	no	NA	NA	NA	NA	no	NA	NA	NA	NA	NA	NA	NA	NA	NA	NA	NA	NA	NA	NA	NA	NA	yes	NA	no	NA	NA	NA	NA	NA	NA	NA	NA	NA	NA	NA	NA	NA	NA	NA	NA	no	NA	no	NA	NA	NA	NA	NA	no	NA	NA	NA	NA	NA	NA	no	NA	NA	NA	NA	yes	yes	no	no	NA	NA	NA	NA	NA	NA	NA	yes	no	yes	NA	NA	yes	NA	yes	NA	NA
Bifidobacterium	animalis	ATCC25527R101-8	Bifidobacterium animalis	NA	NA	yes	NA	NA	no	no	NA	yes	NA	NA	NA	no	NA	NA	no	NA	NA	NA	NA	NA	NA	NA	NA	NA	NA	NA	NA	NA	NA	NA	NA	yes	NA	NA	no	no	yes	NA	yes	yes	yes	NA	NA	yes	no	NA	NA	NA	NA	NA	NA	yes	NA	yes	NA	NA	NA	NA	NA	no	NA	NA	NA	NA	NA	NA	yes	NA	NA	NA	NA	NA	NA	NA	NA	yes	no	NA	NA	yes	NA	no	yes	NA	NA	no	yes	NA	yes	no	no
Bifidobacterium	minimum	ATCC27538,F392	Bifidobacterium minimum	NA	NA	yes	NA	NA	NA	NA	NA	NA	NA	NA	NA	NA	NA	NA	NA	NA	NA	NA	NA	NA	NA	NA	NA	NA	NA	NA	NA	NA	NA	NA	NA	yes	NA	NA	NA	NA	NA	NA	yes	NA	NA	NA	NA	NA	NA	NA	NA	NA	NA	NA	NA	NA	NA	NA	NA	NA	NA	NA	NA	NA	NA	NA	NA	NA	NA	NA	NA	NA	NA	NA	NA	NA	NA	NA	NA	NA	NA	NA	NA	NA	NA	NA	NA	NA	NA	NA	NA	NA	NA	NA	NA
Bifidobacterium	subtile	ATCC27537,F395	Bifidobacterium subtile	NA	NA	NA	NA	NA	no	yes	NA	NA	NA	NA	NA	no	NA	NA	NA	NA	NA	NA	NA	NA	NA	NA	NA	NA	NA	NA	NA	NA	NA	NA	NA	yes	NA	NA	no	no	yes	NA	yes	yes	yes	NA	NA	yes	no	NA	NA	NA	NA	NA	NA	yes	NA	yes	NA	NA	NA	NA	NA	no	NA	NA	NA	NA	NA	NA	yes	NA	NA	NA	NA	NA	NA	NA	NA	yes	no	NA	NA	no	NA	no	yes	yes	NA	no	no	NA	yes	no	no
Caldicoprobacter	oshimai	DSM21659T	Caldicoprobacter oshimai	NA	yes	NA	NA	NA	NA	yes	NA	NA	NA	NA	NA	NA	NA	NA	no	NA	NA	NA	no	NA	NA	NA	NA	NA	NA	NA	NA	NA	no	no	NA	NA	NA	NA	NA	NA	NA	NA	yes	NA	NA	NA	NA	no	NA	no	no	no	no	NA	NA	NA	NA	NA	NA	NA	NA	NA	NA	NA	NA	NA	NA	NA	NA	NA	NA	yes	NA	no	NA	NA	NA	NA	no	NA	no	no	NA	NA	NA	no	no	NA	no	NA	yes	NA	yes	NA	NA
Christensenella	minuta	DSM22607T,JCM16072T,YIT12065T	Christensenella minuta	no	no	yes	NA	NA	no	no	NA	NA	NA	NA	no	no	NA	NA	no	NA	NA	NA	no	no	NA	yes	NA	NA	NA	NA	NA	NA	no	no	NA	yes	NA	NA	yes	no	no	yes	NA	no	NA	NA	NA	no	no	no	no	yes	no	NA	NA	no	NA	no	NA	NA	NA	no	NA	NA	NA	NA	NA	NA	NA	NA	no	no	NA	yes	NA	NA	NA	NA	no	no	no	no	NA	yes	NA	no	no	no	no	NA	yes	NA	yes	no	NA
Cloacibacillus	evryensis	158T	Cloacibacillus evryensis	NA	NA	NA	NA	NA	NA	NA	NA	NA	NA	NA	NA	NA	NA	NA	NA	NA	NA	NA	NA	NA	NA	NA	NA	NA	NA	NA	NA	NA	NA	NA	NA	yes	NA	NA	NA	NA	NA	NA	NA	NA	NA	NA	NA	NA	NA	NA	NA	NA	NA	NA	NA	NA	NA	NA	NA	yes	NA	NA	NA	NA	NA	NA	NA	NA	NA	NA	NA	NA	NA	NA	NA	NA	NA	NA	NA	NA	NA	NA	NA	NA	NA	NA	NA	NA	NA	NA	NA	NA	NA	NA	NA
Cloacibacillus	porcorum	DSM25858T,CCUG62631T,CL-84T	Cloacibacillus porcorum	NA	yes	yes	NA	NA	NA	yes	NA	yes	NA	NA	NA	yes	NA	NA	no	NA	NA	NA	NA	NA	NA	NA	NA	NA	NA	NA	NA	NA	yes	yes	NA	yes	NA	NA	yes	NA	NA	yes	NA	NA	NA	NA	NA	yes	NA	NA	NA	yes	NA	NA	NA	NA	NA	yes	NA	yes	NA	NA	NA	NA	NA	NA	NA	NA	NA	NA	NA	no	NA	NA	NA	NA	NA	NA	NA	NA	NA	NA	NA	NA	NA	NA	NA	NA	NA	NA	NA	NA	NA	NA	NA
Clostridium	ganghwense	JCM13193T	Clostridium ganghwense	NA	yes	NA	NA	NA	NA	yes	NA	NA	NA	NA	NA	NA	NA	NA	no	NA	NA	NA	no	NA	NA	NA	NA	NA	NA	NA	NA	NA	no	no	NA	NA	yes	NA	NA	NA	NA	yes	NA	NA	NA	NA	NA	no	NA	no	no	no	no	NA	NA	NA	NA	NA	NA	NA	NA	NA	NA	NA	NA	NA	NA	NA	NA	NA	NA	yes	NA	no	NA	NA	NA	NA	no	NA	no	no	NA	NA	NA	no	no	NA	no	NA	no	NA	no	NA	NA
Corynebacterium	halotolerans	YIM70093T	Corynebacterium halotolerans	NA	NA	NA	NA	NA	NA	yes	NA	NA	NA	NA	NA	NA	NA	NA	NA	NA	NA	NA	NA	NA	NA	NA	NA	NA	NA	NA	NA	NA	no	no	NA	NA	NA	NA	NA	NA	NA	NA	NA	NA	NA	NA	NA	no	NA	yes	no	NA	NA	NA	NA	NA	NA	NA	NA	NA	no	NA	NA	no	NA	NA	NA	NA	NA	NA	NA	NA	NA	NA	NA	NA	NA	NA	NA	NA	NA	NA	NA	NA	NA	NA	NA	no	NA	NA	no	NA	NA	yes	NA
Corynebacterium	humireducens	NBRC106098T,CGMCC2452T,MFC-5T	Corynebacterium humireducens	NA	NA	yes	NA	NA	NA	yes	NA	NA	NA	NA	NA	NA	NA	NA	yes	NA	NA	NA	NA	NA	NA	NA	NA	NA	NA	NA	NA	NA	yes	yes	yes	yes	NA	NA	NA	NA	NA	NA	yes	NA	NA	NA	NA	no	NA	yes	no	NA	yes	NA	NA	NA	NA	NA	NA	NA	yes	NA	NA	yes	yes	NA	NA	NA	NA	NA	NA	NA	NA	NA	NA	NA	NA	NA	NA	NA	NA	NA	NA	NA	NA	NA	NA	no	NA	NA	no	no	NA	no	NA
Corynebacterium	marinum	D7015T	Corynebacterium marinum	NA	NA	NA	NA	NA	NA	no	NA	NA	NA	NA	NA	NA	NA	NA	NA	NA	NA	NA	NA	NA	NA	NA	NA	NA	NA	NA	NA	NA	no	yes	NA	NA	NA	NA	NA	NA	NA	NA	NA	NA	NA	NA	NA	yes	NA	no	no	NA	NA	NA	NA	NA	NA	NA	NA	NA	yes	NA	NA	no	NA	NA	NA	NA	NA	NA	NA	NA	NA	NA	NA	NA	NA	NA	NA	NA	NA	NA	NA	NA	NA	NA	NA	no	NA	NA	no	NA	NA	yes	NA
Corynebacterium	maris	Coryn-1T	Corynebacterium maris	NA	NA	NA	NA	NA	NA	yes	NA	NA	NA	NA	NA	NA	NA	NA	NA	NA	NA	NA	NA	NA	NA	NA	NA	NA	NA	NA	NA	NA	yes	yes	NA	NA	NA	NA	NA	NA	NA	NA	NA	NA	NA	NA	NA	yes	NA	yes	no	NA	NA	NA	NA	NA	NA	NA	NA	NA	yes	NA	NA	yes	NA	NA	NA	NA	NA	NA	NA	NA	NA	NA	NA	NA	NA	NA	NA	NA	NA	NA	NA	NA	NA	NA	NA	yes	NA	NA	no	NA	NA	yes	NA
Corynebacterium	matruchotii	NA	Corynebacterium matruchotii	NA	NA	NA	NA	NA	NA	yes	NA	NA	NA	NA	NA	NA	NA	NA	NA	NA	NA	NA	NA	NA	NA	NA	NA	NA	NA	NA	NA	NA	NA	NA	NA	NA	NA	NA	NA	NA	NA	NA	NA	NA	NA	NA	NA	no	NA	NA	no	NA	NA	NA	NA	NA	NA	NA	NA	NA	yes	NA	NA	yes	NA	NA	NA	NA	NA	NA	NA	NA	NA	NA	NA	NA	NA	NA	NA	NA	NA	NA	NA	NA	NA	NA	NA	no	NA	NA	no	NA	NA	no	NA
Corynebacterium	testudinoris	M935/96/4T	Corynebacterium testudinoris	NA	NA	NA	NA	NA	NA	no	NA	NA	NA	NA	NA	NA	NA	NA	NA	NA	NA	NA	NA	NA	NA	NA	NA	NA	NA	NA	NA	NA	no	no	NA	NA	NA	NA	NA	NA	NA	NA	NA	NA	NA	NA	NA	yes	NA	no	no	NA	NA	NA	NA	NA	NA	NA	NA	NA	yes	NA	NA	yes	NA	NA	NA	NA	NA	NA	NA	NA	NA	NA	NA	NA	NA	NA	NA	NA	NA	NA	NA	NA	NA	NA	NA	yes	NA	NA	no	NA	NA	no	NA
Corynebacterium	urealyticum	NA	Corynebacterium urealyticum	NA	NA	NA	NA	NA	NA	NA	NA	NA	NA	NA	NA	NA	NA	NA	NA	NA	NA	NA	NA	NA	NA	NA	NA	NA	NA	NA	NA	NA	NA	NA	NA	NA	NA	NA	NA	NA	NA	NA	NA	NA	NA	NA	NA	NA	NA	NA	NA	NA	NA	NA	NA	NA	NA	NA	NA	NA	NA	NA	NA	NA	NA	NA	NA	NA	NA	NA	NA	NA	NA	NA	NA	NA	NA	NA	NA	NA	NA	NA	NA	NA	NA	NA	NA	NA	NA	NA	no	NA	NA	NA	NA
Dechloromonas	denitrifican	DSM15892T,ATCCBAA-841T,ED1	Dechloromonas denitrifican	NA	NA	yes	NA	NA	NA	NA	NA	NA	NA	NA	NA	NA	NA	NA	NA	NA	NA	NA	NA	NA	NA	NA	yes	yes	NA	NA	NA	NA	NA	NA	yes	yes	NA	NA	NA	NA	NA	yes	NA	NA	NA	NA	NA	NA	NA	NA	NA	NA	NA	NA	NA	NA	NA	NA	NA	NA	NA	NA	NA	NA	NA	yes	NA	NA	NA	NA	NA	NA	NA	NA	NA	NA	NA	NA	NA	NA	NA	NA	NA	NA	NA	NA	NA	NA	NA	NA	NA	NA	NA	NA	NA
Ferroplasma	acidiphilum	YT	Ferroplasma acidiphilum	NA	NA	yes	yes	NA	NA	NA	NA	NA	NA	NA	NA	NA	yes	NA	NA	NA	yes	NA	NA	NA	NA	NA	NA	NA	NA	NA	NA	NA	NA	NA	NA	yes	NA	NA	NA	NA	NA	NA	NA	NA	NA	yes	NA	NA	NA	NA	NA	NA	NA	yes	NA	NA	NA	NA	NA	NA	NA	NA	NA	NA	NA	NA	NA	NA	NA	NA	NA	NA	NA	NA	NA	NA	NA	NA	NA	NA	NA	NA	NA	NA	NA	NA	NA	NA	NA	NA	NA	NA	NA	NA	NA
Flavobacterium	denitrificans	DSM15936T,ATCCBAA-842T,ED5	Flavobacterium denitrificans	NA	NA	NA	NA	NA	NA	NA	NA	NA	NA	NA	NA	NA	NA	NA	NA	NA	NA	NA	NA	NA	NA	NA	NA	yes	NA	NA	NA	NA	NA	NA	yes	NA	NA	NA	NA	NA	NA	yes	NA	NA	NA	NA	NA	NA	NA	NA	NA	NA	NA	NA	NA	NA	NA	NA	NA	NA	NA	NA	NA	NA	NA	yes	NA	NA	NA	NA	NA	NA	NA	NA	NA	NA	NA	NA	NA	NA	NA	NA	NA	NA	NA	NA	NA	NA	NA	NA	NA	NA	NA	NA	NA
Geofilum	rubicundum	JCM15548T,NCIMB14482T,JAM-BA0501T	Geofilum rubicundum	NA	NA	yes	NA	no	NA	NA	yes	NA	NA	NA	NA	NA	NA	NA	yes	no	NA	no	NA	NA	NA	NA	NA	NA	NA	NA	NA	no	NA	NA	yes	yes	yes	NA	NA	NA	NA	yes	NA	NA	NA	NA	NA	NA	NA	NA	NA	NA	no	NA	NA	NA	NA	NA	no	NA	NA	NA	NA	NA	NA	NA	NA	NA	yes	NA	NA	yes	NA	NA	NA	NA	NA	NA	NA	NA	NA	NA	no	NA	NA	NA	NA	NA	NA	NA	NA	NA	NA	NA	NA
Lutaonella	thermophila	KCTC22538T,JCM15069T,CC-MHSW-2T,	Lutaonella thermophila	NA	yes	yes	NA	NA	NA	yes	NA	no	NA	NA	NA	NA	NA	NA	yes	NA	NA	NA	NA	yes	NA	NA	NA	NA	NA	NA	NA	NA	yes	yes	NA	yes	NA	NA	NA	NA	NA	yes	NA	NA	NA	NA	NA	yes	NA	no	yes	yes	no	NA	NA	NA	NA	NA	NA	NA	NA	NA	NA	NA	NA	NA	no	NA	NA	NA	NA	no	yes	NA	NA	NA	NA	NA	yes	NA	NA	yes	NA	NA	yes	no	yes	no	no	NA	no	NA	no	no	NA
Lutispora	thermophila	NBRC102133T,DSM19022T,EBR46T	Lutispora thermophila	NA	NA	yes	NA	NA	NA	NA	NA	yes	NA	NA	NA	NA	NA	no	no	NA	NA	NA	NA	NA	NA	NA	NA	NA	NA	NA	NA	NA	NA	NA	NA	yes	NA	NA	NA	NA	NA	NA	NA	NA	NA	NA	no	NA	NA	no	NA	NA	NA	NA	NA	NA	NA	NA	NA	NA	NA	NA	NA	NA	NA	NA	NA	NA	NA	NA	NA	yes	NA	NA	NA	NA	NA	NA	NA	NA	no	NA	NA	NA	NA	NA	NA	NA	NA	NA	NA	NA	NA	NA	NA
Marinifilum	fragile	JC2469T	Marinifilum fragile	NA	yes	yes	NA	NA	NA	yes	NA	NA	NA	NA	NA	NA	NA	NA	NA	NA	NA	NA	NA	NA	yes	NA	NA	NA	NA	NA	NA	NA	NA	NA	yes	NA	yes	NA	NA	NA	NA	yes	NA	NA	NA	NA	NA	NA	NA	NA	yes	NA	NA	NA	NA	NA	NA	NA	NA	NA	NA	NA	NA	NA	NA	NA	yes	NA	NA	NA	NA	no	NA	NA	NA	NA	NA	NA	yes	NA	NA	NA	NA	NA	NA	NA	NA	NA	NA	NA	yes	NA	NA	NA	NA
Marinilabilia	salmonicolor	Cys1T	Marinilabilia salmonicolor	NA	NA	NA	NA	NA	NA	NA	NA	NA	NA	NA	NA	NA	NA	NA	yes	NA	NA	NA	NA	NA	NA	NA	NA	NA	NA	NA	NA	NA	NA	NA	yes	yes	NA	NA	NA	NA	NA	NA	NA	NA	NA	NA	NA	NA	NA	NA	NA	NA	NA	NA	NA	NA	NA	NA	NA	NA	NA	NA	NA	NA	NA	NA	NA	NA	NA	NA	NA	NA	NA	NA	NA	NA	NA	NA	NA	NA	NA	NA	NA	NA	NA	NA	NA	NA	NA	NA	NA	NA	NA	NA	NA
Paenibacillus	anaericanus	DSM15890T,ATCCBAA-844T,MH21	Paenibacillus anaericanus	NA	NA	NA	NA	NA	NA	NA	NA	NA	NA	NA	NA	NA	NA	NA	yes	NA	NA	NA	NA	NA	NA	NA	NA	NA	yes	NA	yes	NA	NA	NA	yes	yes	NA	NA	NA	NA	NA	NA	NA	NA	NA	NA	NA	NA	NA	NA	NA	NA	NA	NA	NA	NA	NA	NA	NA	NA	NA	NA	NA	NA	NA	NA	NA	NA	NA	NA	NA	NA	NA	NA	NA	NA	NA	NA	NA	NA	NA	NA	NA	NA	NA	NA	NA	NA	NA	NA	NA	NA	NA	NA	NA
Paenibacillus	terrae	MH72	Paenibacillus terrae	NA	NA	NA	NA	NA	NA	NA	NA	NA	NA	NA	NA	NA	NA	NA	NA	NA	NA	NA	NA	NA	NA	NA	NA	NA	NA	NA	NA	NA	NA	NA	yes	yes	NA	NA	NA	NA	NA	NA	NA	NA	NA	NA	NA	NA	NA	NA	NA	NA	NA	NA	NA	NA	NA	NA	NA	NA	NA	NA	NA	NA	NA	NA	NA	NA	NA	NA	NA	NA	NA	NA	NA	NA	NA	NA	NA	NA	NA	NA	NA	NA	NA	NA	NA	NA	NA	NA	NA	NA	NA	NA	NA
Sedimentibacter	acidaminivorans	JCM17293T,DSM24004T,MO-SEDIT	Sedimentibacter acidaminivorans	NA	NA	yes	NA	NA	no	NA	NA	yes	no	NA	yes	yes	NA	NA	NA	NA	NA	NA	NA	NA	NA	NA	NA	NA	NA	NA	NA	NA	yes	yes	NA	yes	NA	NA	NA	NA	no	yes	NA	no	NA	NA	NA	NA	yes	NA	NA	yes	NA	NA	NA	no	NA	no	NA	NA	NA	NA	NA	NA	NA	NA	NA	NA	NA	NA	no	no	NA	NA	NA	NA	NA	NA	NA	NA	NA	NA	NA	NA	NA	NA	NA	NA	NA	NA	NA	NA	NA	NA	NA
Sedimentibacter	hydroxybenzoicus	JW/Z-1T	Sedimentibacter hydroxybenzoicus	NA	NA	yes	NA	NA	yes	NA	NA	yes	NA	NA	yes	no	NA	NA	NA	NA	NA	NA	NA	NA	NA	NA	NA	NA	NA	NA	NA	NA	yes	yes	NA	NA	NA	NA	NA	NA	yes	yes	NA	yes	NA	NA	NA	NA	yes	NA	NA	yes	NA	NA	NA	NA	NA	yes	NA	NA	NA	NA	NA	NA	NA	NA	NA	NA	NA	NA	yes	yes	NA	NA	NA	NA	NA	NA	NA	NA	NA	NA	NA	NA	NA	NA	NA	NA	NA	NA	NA	NA	NA	NA	NA
Sedimentibacter	saalensis	ZF2T	Sedimentibacter saalensis	NA	NA	yes	NA	NA	yes	NA	NA	yes	NA	NA	yes	no	NA	NA	NA	NA	NA	NA	NA	NA	NA	NA	NA	NA	NA	NA	NA	NA	yes	yes	NA	NA	NA	NA	NA	NA	yes	NA	yes	no	NA	NA	NA	NA	yes	NA	NA	yes	NA	NA	NA	NA	NA	yes	NA	NA	NA	NA	NA	NA	NA	NA	NA	NA	NA	NA	no	yes	NA	NA	NA	NA	NA	NA	NA	NA	NA	NA	NA	NA	NA	NA	NA	NA	NA	NA	NA	NA	NA	NA	NA
Synergistes	jonesii	78-1T	Synergistes jonesii	NA	NA	NA	NA	NA	NA	NA	NA	NA	NA	NA	NA	NA	NA	NA	NA	NA	NA	NA	NA	NA	NA	NA	NA	NA	NA	NA	NA	NA	NA	NA	NA	yes	NA	NA	NA	NA	NA	NA	NA	NA	NA	NA	NA	NA	NA	NA	NA	NA	NA	NA	NA	NA	NA	NA	NA	yes	NA	NA	NA	NA	NA	NA	NA	NA	NA	NA	NA	NA	NA	NA	NA	NA	NA	NA	NA	NA	NA	NA	NA	NA	NA	NA	NA	NA	NA	NA	NA	NA	NA	NA	NA
Tamlana	crocina	HST1-43T	Tamlana crocina	NA	yes	NA	yes	NA	NA	yes	NA	NA	NA	NA	NA	no	NA	NA	yes	NA	NA	NA	NA	no	NA	NA	NA	NA	NA	NA	NA	NA	no	yes	NA	yes	NA	NA	NA	NA	NA	yes	NA	NA	NA	NA	NA	yes	NA	no	no	yes	yes	NA	NA	NA	NA	NA	NA	NA	NA	NA	NA	NA	NA	NA	yes	NA	NA	NA	NA	no	NA	NA	NA	NA	NA	NA	no	NA	no	no	NA	NA	no	no	no	no	no	NA	no	NA	no	no	NA
Thauera	aromatica AR-1	K172T	Thauera aromatica AR-1	NA	NA	yes	NA	NA	NA	NA	NA	NA	NA	NA	NA	NA	NA	NA	NA	NA	NA	NA	NA	NA	NA	NA	NA	NA	NA	NA	NA	NA	NA	NA	yes	yes	NA	NA	NA	NA	NA	yes	NA	NA	NA	NA	NA	NA	NA	NA	NA	NA	no	NA	NA	NA	NA	NA	NA	NA	NA	NA	NA	NA	NA	NA	NA	NA	NA	NA	NA	NA	NA	NA	NA	NA	NA	NA	NA	NA	NA	NA	NA	NA	NA	NA	NA	NA	NA	NA	NA	NA	NA	NA	NA
Tindallia	californiensis	DSM14871T	Tindallia californiensis	NA	no	NA	NA	NA	NA	yes	NA	NA	NA	NA	NA	NA	NA	NA	no	NA	NA	NA	no	NA	NA	NA	NA	NA	NA	NA	NA	NA	no	no	NA	NA	NA	NA	NA	NA	NA	NA	yes	NA	NA	NA	NA	no	NA	no	no	no	no	NA	NA	NA	NA	NA	NA	NA	NA	NA	NA	NA	NA	NA	NA	NA	NA	NA	NA	yes	NA	no	NA	NA	NA	NA	no	NA	no	no	NA	NA	NA	no	no	NA	no	NA	no	NA	no	NA	NA
Zhouia	amylolytica	HN-171T	Zhouia amylolytica	NA	NA	yes	NA	NA	NA	NA	NA	NA	NA	NA	NA	NA	NA	NA	yes	NA	NA	NA	NA	NA	NA	NA	NA	NA	NA	NA	NA	NA	NA	NA	NA	NA	NA	NA	NA	NA	NA	yes	NA	NA	NA	NA	NA	NA	NA	NA	NA	NA	yes	NA	NA	NA	NA	NA	NA	NA	NA	NA	NA	NA	NA	NA	NA	NA	NA	NA	NA	no	yes	NA	NA	NA	NA	NA	NA	NA	NA	NA	NA	NA	NA	NA	NA	NA	NA	NA	NA	NA	NA	NA	NA
