"package";"model";"PCA";"train_CV_method";"train_test_split";"train_n_repeat";"train_balance";"Accuracy";"Kappa";"AccuracyLower";"AccuracyUpper";"AccuracyNull";"AccuracyPValue";"McnemarPValue";"Sensitivity";"Specificity";"Pos.Pred.Value";"Neg.Pred.Value";"Precision";"Recall";"F1";"Prevalence";"Detection.Rate";"Detection.Prevalence";"Balanced.Accuracy";"AUROC";"Nphenotype";"Density.yes";"Density.no";"Density.NA";"Density_agg";"Balance.yes";"Balance.no";"Balance_agg";"Database.Database";"Phenotype.Phenotypic_trait";"Phenotype.Bacterial_metadata_columns1";"Phenotype.Bacterial_metadata_columns2";"Phenotype.Bacterial_metadata_columns3";"Phenotype.Bacterial_metadata_columns4";"Phenotype.NA_substitution";"Phenotype.NA_substitution_value";"Genome.Pattern_gene_columns";"Genome.Pattern_genomic_table_columns";"Genome.Fix_multiple_genomes";"Genome.Genome_ortholog_type";"Genome.Genome_type"
"caret";"XGBoost";"None";"CV";0,8;10;"downSample";0,5;0;0,0125791170934251;0,987420882906575;0,5;0,75;1;0;1;NA;0,5;NA;0;NA;0,5;0;0;0,5;0,5;16;50;50;0;100;50;50;0;"FAPROTAX";"aerobic_ammonia_oxidation";"Name";"Genus";"Species";"Strain";"NA2level";"no";"D2V\d+";"D2V\d+|GenomeID";"pickone";"KEGG";"D2V5000"
"caret";"XGBoost";"None";"CV";0,8;10;"downSample";0,625;0,25;0,354346094302078;0,848016324918878;0,5;0,227249145507813;0,683091398309609;0,75;0,5;0,6;0,666666666666667;0,6;0,75;0,666666666666667;0,5;0,375;0,625;0,625;0,625;72;50;50;0;100;50;50;0;"FAPROTAX";"aerobic_anoxygenic_phototrophy";"Name";"Genus";"Species";"Strain";"NA2level";"no";"D2V\d+";"D2V\d+|GenomeID";"pickone";"KEGG";"D2V5000"
"caret";"XGBoost";"None";"CV";0,8;10;"downSample";0,508771929824561;0,0175438596491229;0,41346030629343;0,603616757806142;0,5;0,462717480628363;0,349574806123298;0,578947368421053;0,43859649122807;0,507692307692308;0,510204081632653;0,507692307692308;0,578947368421053;0,540983606557377;0,5;0,289473684210526;0,570175438596491;0,508771929824561;0,508771929824561;462;50;50;0;100;50;50;0;"FAPROTAX";"aerobic_chemoheterotrophy";"Name";"Genus";"Species";"Strain";"NA2level";"no";"D2V\d+";"D2V\d+|GenomeID";"pickone";"KEGG";"D2V5000"
"caret";"XGBoost";"None";"CV";0,8;10;"downSample";0,5;0;0,067585986488543;0,932414013511457;0,5;0,6875;0,479500122186953;1;0;0,5;NA;0,5;1;0,666666666666667;0,5;0,5;1;0,5;0,5;18;50;50;0;100;50;50;0;"FAPROTAX";"aliphatic_non_methane_hydrocarbon_degradation";"Name";"Genus";"Species";"Strain";"NA2level";"no";"D2V\d+";"D2V\d+|GenomeID";"pickone";"KEGG";"D2V5000"
"caret";"XGBoost";"None";"CV";0,8;10;"downSample";0,515384615384615;0,0307692307692307;0,426150049039913;0,603902662044455;0,5;0,396291261397048;1;0,523076923076923;0,507692307692308;0,515151515151515;0,515625;0,515151515151515;0,523076923076923;0,519083969465649;0,5;0,261538461538462;0,507692307692308;0,515384615384615;0,515384615384615;522;50;50;0;100;50;50;0;"FAPROTAX";"animal_parasites_or_symbionts";"Name";"Genus";"Species";"Strain";"NA2level";"no";"D2V\d+";"D2V\d+|GenomeID";"pickone";"KEGG";"D2V5000"
"caret";"XGBoost";"None";"CV";0,8;10;"downSample";0,6875;0,375;0,413379363548641;0,889830045282883;0,5;0,105056762695313;1;0,625;0,75;0,714285714285714;0,666666666666667;0,714285714285714;0,625;0,666666666666667;0,5;0,3125;0,4375;0,6875;0,6875;68;50;50;0;100;50;50;0;"FAPROTAX";"anoxygenic_photoautotrophy";"Name";"Genus";"Species";"Strain";"NA2level";"no";"D2V\d+";"D2V\d+|GenomeID";"pickone";"KEGG";"D2V5000"
"caret";"XGBoost";"None";"CV";0,8;10;"downSample";0,375;-0,25;0,0852334141372536;0,755136783633448;0,5;0,85546875;1;0,25;0,5;0,333333333333333;0,4;0,333333333333333;0,25;0,285714285714286;0,5;0,125;0,375;0,375;0,625;36;50;50;0;100;50;50;0;"FAPROTAX";"anoxygenic_photoautotrophy_H2_oxidizing";"Name";"Genus";"Species";"Strain";"NA2level";"no";"D2V\d+";"D2V\d+|GenomeID";"pickone";"KEGG";"D2V5000"
"caret";"XGBoost";"None";"CV";0,8;10;"downSample";0,583333333333333;0,166666666666667;0,276669685682106;0,84834777019157;0,5;0,38720703125;1;0,666666666666667;0,5;0,571428571428572;0,6;0,571428571428571;0,666666666666667;0,615384615384615;0,5;0,333333333333333;0,583333333333333;0,583333333333333;0,583333333333333;50;50;50;0;100;50;50;0;"FAPROTAX";"anoxygenic_photoautotrophy_S_oxidizing";"Name";"Genus";"Species";"Strain";"NA2level";"no";"D2V\d+";"D2V\d+|GenomeID";"pickone";"KEGG";"D2V5000"
"caret";"XGBoost";"None";"CV";0,8;10;"downSample";0,541666666666667;0,0833333333333333;0,328208075695178;0,744469798005254;0,5;0,419409871101379;0,227799993988229;0,75;0,333333333333333;0,529411764705882;0,571428571428572;0,529411764705882;0,75;0,620689655172414;0,5;0,375;0,708333333333333;0,541666666666667;0,541666666666667;98;50;50;0;100;50;50;0;"FAPROTAX";"aromatic_compound_degradation";"Name";"Genus";"Species";"Strain";"NA2level";"no";"D2V\d+";"D2V\d+|GenomeID";"pickone";"KEGG";"D2V5000"
"caret";"XGBoost";"None";"CV";0,8;10;"downSample";0,7;0,4;0,347547149940003;0,933260488822266;0,5;0,171875;1;0,8;0,6;0,666666666666667;0,75;0,666666666666667;0,8;0,727272727272727;0,5;0,4;0,6;0,7;0,7;46;50;50;0;100;50;50;0;"FAPROTAX";"aromatic_hydrocarbon_degradation";"Name";"Genus";"Species";"Strain";"NA2level";"no";"D2V\d+";"D2V\d+|GenomeID";"pickone";"KEGG";"D2V5000"
"caret";"XGBoost";"None";"CV";0,8;10;"downSample";1;1;0,158113883008419;1;0,5;0,25;NA;1;1;1;1;1;1;1;0,5;0,5;0,5;1;1;12;50;50;0;100;50;50;0;"FAPROTAX";"arsenate_detoxification";"Name";"Genus";"Species";"Strain";"NA2level";"no";"D2V\d+";"D2V\d+|GenomeID";"pickone";"KEGG";"D2V5000"
"caret";"XGBoost";"None";"CV";0,8;10;"downSample";0,5;0;0,067585986488543;0,932414013511457;0,5;0,6875;1;0,5;0,5;0,5;0,5;0,5;0,5;0,5;0,5;0,25;0,5;0,5;0,5;20;50;50;0;100;50;50;0;"FAPROTAX";"arsenate_respiration";"Name";"Genus";"Species";"Strain";"NA2level";"no";"D2V\d+";"D2V\d+|GenomeID";"pickone";"KEGG";"D2V5000"
"caret";"XGBoost";"None";"CV";0,8;10;"downSample";1;1;0,158113883008419;1;0,5;0,25;NA;1;1;1;1;1;1;1;0,5;0,5;0,5;1;1;10;50;50;0;100;50;50;0;"FAPROTAX";"arsenite_oxidation_detoxification";"Name";"Genus";"Species";"Strain";"NA2level";"no";"D2V\d+";"D2V\d+|GenomeID";"pickone";"KEGG";"D2V5000"
"caret";"XGBoost";"None";"CV";0,8;10;"downSample";0,607142857142857;0,214285714285714;0,405768206487563;0,784957170839039;0,5;0,172464225441218;0,227799993988229;0,785714285714286;0,428571428571429;0,578947368421053;0,666666666666667;0,578947368421053;0,785714285714286;0,666666666666667;0,5;0,392857142857143;0,678571428571429;0,607142857142857;0,607142857142857;114;50;50;0;100;50;50;0;"FAPROTAX";"cellulolysis";"Name";"Genus";"Species";"Strain";"NA2level";"no";"D2V\d+";"D2V\d+|GenomeID";"pickone";"KEGG";"D2V5000"
"caret";"XGBoost";"None";"CV";0,8;10;"downSample";0,512269938650307;0,0245398773006136;0,456578365914946;0,567736606096295;0,5;0,349152520955513;0,266881740163778;0,558282208588957;0,466257668711656;0,51123595505618;0,513513513513513;0,51123595505618;0,558282208588957;0,533724340175953;0,5;0,279141104294479;0,54601226993865;0,512269938650307;0,512269938650307;1304;50;50;0;100;50;50;0;"FAPROTAX";"chemoheterotrophy";"Name";"Genus";"Species";"Strain";"NA2level";"no";"D2V\d+";"D2V\d+|GenomeID";"pickone";"KEGG";"D2V5000"
"caret";"XGBoost";"None";"CV";0,8;10;"downSample";0,5;0;0,260190582895097;0,739809417104903;0,5;0,592735290527344;1;0,555555555555556;0,444444444444444;0,5;0,5;0,5;0,555555555555556;0,526315789473684;0,5;0,277777777777778;0,555555555555556;0,5;0,5;80;50;50;0;100;50;50;0;"FAPROTAX";"chitinolysis";"Name";"Genus";"Species";"Strain";"NA2level";"no";"D2V\d+";"D2V\d+|GenomeID";"pickone";"KEGG";"D2V5000"
"caret";"XGBoost";"None";"CV";0,8;10;"downSample";0,464285714285714;-0,0714285714285714;0,275108560296596;0,6613009238854;0,5;0,714205905795097;1;0,5;0,428571428571429;0,466666666666667;0,461538461538462;0,466666666666667;0,5;0,482758620689655;0,5;0,25;0,535714285714286;0,464285714285714;0,535714285714286;112;50;50;0;100;50;50;0;"FAPROTAX";"dark_hydrogen_oxidation";"Name";"Genus";"Species";"Strain";"NA2level";"no";"D2V\d+";"D2V\d+|GenomeID";"pickone";"KEGG";"D2V5000"
"caret";"XGBoost";"None";"CV";0,8;10;"downSample";0,375;-0,25;0,0852334141372536;0,755136783633448;0,5;0,85546875;1;0,25;0,5;0,333333333333333;0,4;0,333333333333333;0,25;0,285714285714286;0,5;0,125;0,375;0,375;0,625;34;50;50;0;100;50;50;0;"FAPROTAX";"dark_iron_oxidation";"Name";"Genus";"Species";"Strain";"NA2level";"no";"D2V\d+";"D2V\d+|GenomeID";"pickone";"KEGG";"D2V5000"
"caret";"XGBoost";"None";"CV";0,8;10;"downSample";0,454545454545455;-0,0909090909090909;0,243861865923017;0,677895245446828;0,5;0,738266468048096;0,772829992684448;0,545454545454545;0,363636363636364;0,461538461538462;0,444444444444444;0,461538461538462;0,545454545454545;0,5;0,5;0,272727272727273;0,590909090909091;0,454545454545455;0,454545454545455;90;50;50;0;100;50;50;0;"FAPROTAX";"dark_oxidation_of_sulfur_compounds";"Name";"Genus";"Species";"Strain";"NA2level";"no";"D2V\d+";"D2V\d+|GenomeID";"pickone";"KEGG";"D2V5000"
"caret";"XGBoost";"None";"CV";0,8;10;"downSample";0,666666666666667;0,333333333333333;0,222778095503512;0,956728131707258;0,5;0,34375;1;0,666666666666667;0,666666666666667;0,666666666666667;0,666666666666667;0,666666666666667;0,666666666666667;0,666666666666667;0,5;0,333333333333333;0,5;0,666666666666667;0,666666666666667;30;50;50;0;100;50;50;0;"FAPROTAX";"dark_sulfide_oxidation";"Name";"Genus";"Species";"Strain";"NA2level";"no";"D2V\d+";"D2V\d+|GenomeID";"pickone";"KEGG";"D2V5000"
"caret";"XGBoost";"None";"CV";0,8;10;"downSample";1;1;0,158113883008419;1;0,5;0,25;NA;1;1;1;1;1;1;1;0,5;0,5;0,5;1;1;8;50;50;0;100;50;50;0;"FAPROTAX";"dark_sulfite_oxidation";"Name";"Genus";"Species";"Strain";"NA2level";"no";"D2V\d+";"D2V\d+|GenomeID";"pickone";"KEGG";"D2V5000"
"caret";"XGBoost";"None";"CV";0,8;10;"downSample";0,5;0;0,157012770487058;0,842987229512942;0,5;0,63671875;1;0,5;0,5;0,5;0,5;0,5;0,5;0,5;0,5;0,25;0,5;0,5;0,5;34;50;50;0;100;50;50;0;"FAPROTAX";"dark_sulfur_oxidation";"Name";"Genus";"Species";"Strain";"NA2level";"no";"D2V\d+";"D2V\d+|GenomeID";"pickone";"KEGG";"D2V5000"
"caret";"XGBoost";"None";"CV";0,8;10;"downSample";0,3125;-0,375;0,110169954717117;0,586620636451359;0,5;0,961593627929688;1;0,375;0,25;0,333333333333333;0,285714285714286;0,333333333333333;0,375;0,352941176470588;0,5;0,1875;0,5625;0,3125;0,6875;72;50;50;0;100;50;50;0;"FAPROTAX";"dark_thiosulfate_oxidation";"Name";"Genus";"Species";"Strain";"NA2level";"no";"D2V\d+";"D2V\d+|GenomeID";"pickone";"KEGG";"D2V5000"
"caret";"XGBoost";"None";"CV";0,8;10;"downSample";0,454545454545455;-0,0909090909090909;0,243861865923017;0,677895245446828;0,5;0,738266468048096;0,772829992684448;0,363636363636364;0,545454545454545;0,444444444444444;0,461538461538462;0,444444444444444;0,363636363636364;0,4;0,5;0,181818181818182;0,409090909090909;0,454545454545455;0,454545454545455;94;50;50;0;100;50;50;0;"FAPROTAX";"denitrification";"Name";"Genus";"Species";"Strain";"NA2level";"no";"D2V\d+";"D2V\d+|GenomeID";"pickone";"KEGG";"D2V5000"
"caret";"XGBoost";"None";"CV";0,8;10;"downSample";0,5;0;0,118117248757025;0,881882751242975;0,5;0,65625;1;0,333333333333333;0,666666666666667;0,5;0,5;0,5;0,333333333333333;0,4;0,5;0,166666666666667;0,333333333333333;0,5;0,5;32;50;50;0;100;50;50;0;"FAPROTAX";"dissimilatory_arsenate_reduction";"Name";"Genus";"Species";"Strain";"NA2level";"no";"D2V\d+";"D2V\d+|GenomeID";"pickone";"KEGG";"D2V5000"
"caret";"XGBoost";"None";"CV";0,8;10;"downSample";0;-1;0;0,841886116991581;0,5;1;1;0;0;0;0;0;0;NA;0,5;0;0,5;0;1;16;50;50;0;100;50;50;0;"FAPROTAX";"dissimilatory_arsenite_oxidation";"Name";"Genus";"Species";"Strain";"NA2level";"no";"D2V\d+";"D2V\d+|GenomeID";"pickone";"KEGG";"D2V5000"
"caret";"XGBoost";"None";"CV";0,8;10;"downSample";0,475409836065574;-0,0491803278688525;0,384274622136479;0,567766623650971;0,5;0,736791845016883;0,900523550339774;0,491803278688525;0,459016393442623;0,476190476190476;0,474576271186441;0,476190476190476;0,491803278688525;0,483870967741935;0,5;0,245901639344262;0,516393442622951;0,475409836065574;0,524590163934426;496;50;50;0;100;50;50;0;"FAPROTAX";"fermentation";"Name";"Genus";"Species";"Strain";"NA2level";"no";"D2V\d+";"D2V\d+|GenomeID";"pickone";"KEGG";"D2V5000"
"caret";"XGBoost";"None";"CV";0,8;10;"downSample";0,5;0;0,0125791170934251;0,987420882906575;0,5;0,75;1;1;0;0,5;NA;0,5;1;0,666666666666667;0,5;0,5;1;0,5;0,5;8;50;50;0;100;50;50;0;"FAPROTAX";"fish_parasites";"Name";"Genus";"Species";"Strain";"NA2level";"no";"D2V\d+";"D2V\d+|GenomeID";"pickone";"KEGG";"D2V5000"
"caret";"XGBoost";"None";"CV";0,8;10;"downSample";0,5;0;0,271957849560792;0,728042150439208;0,5;0,588098526000976;1;0,5;0,5;0,5;0,5;0,5;0,5;0,5;0,5;0,25;0,5;0,5;0,5;82;50;50;0;100;50;50;0;"FAPROTAX";"fumarate_respiration";"Name";"Genus";"Species";"Strain";"NA2level";"no";"D2V\d+";"D2V\d+|GenomeID";"pickone";"KEGG";"D2V5000"
"caret";"XGBoost";"None";"CV";0,8;10;"downSample";0,472222222222222;-0,0555555555555556;0,375388379239887;0,570617760131559;0,5;0,749616803291782;1;0,462962962962963;0,481481481481481;0,471698113207547;0,472727272727273;0,471698113207547;0,462962962962963;0,467289719626168;0,5;0,231481481481481;0,490740740740741;0,472222222222222;0,527777777777778;432;50;50;0;100;50;50;0;"FAPROTAX";"human_associated";"Name";"Genus";"Species";"Strain";"NA2level";"no";"D2V\d+";"D2V\d+|GenomeID";"pickone";"KEGG";"D2V5000"
"caret";"XGBoost";"None";"CV";0,8;10;"downSample";0,527777777777778;0,0555555555555556;0,35486379853731;0,695949411283735;0,5;0,43396970021422;1;0,5;0,555555555555556;0,529411764705882;0,526315789473684;0,529411764705882;0,5;0,514285714285714;0,5;0,25;0,472222222222222;0,527777777777778;0,527777777777778;152;50;50;0;100;50;50;0;"FAPROTAX";"human_gut";"Name";"Genus";"Species";"Strain";"NA2level";"no";"D2V\d+";"D2V\d+|GenomeID";"pickone";"KEGG";"D2V5000"
"caret";"XGBoost";"None";"CV";0,8;10;"downSample";0,445945945945946;-0,108108108108108;0,330246818631249;0,566105837537163;0,5;0,852293359672164;0,754776426587104;0,486486486486487;0,405405405405405;0,45;0,441176470588235;0,45;0,486486486486487;0,467532467532468;0,5;0,243243243243243;0,540540540540541;0,445945945945946;0,554054054054054;302;50;50;0;100;50;50;0;"FAPROTAX";"human_pathogens_all";"Name";"Genus";"Species";"Strain";"NA2level";"no";"D2V\d+";"D2V\d+|GenomeID";"pickone";"KEGG";"D2V5000"
"caret";"XGBoost";"None";"CV";0,8;10;"downSample";0,5;0;0,067585986488543;0,932414013511457;0,5;0,6875;1;0,5;0,5;0,5;0,5;0,5;0,5;0,5;0,5;0,25;0,5;0,5;0,5;20;50;50;0;100;50;50;0;"FAPROTAX";"human_pathogens_diarrhea";"Name";"Genus";"Species";"Strain";"NA2level";"no";"D2V\d+";"D2V\d+|GenomeID";"pickone";"KEGG";"D2V5000"
"caret";"XGBoost";"None";"CV";0,8;10;"downSample";0,666666666666667;0,333333333333333;0,222778095503512;0,956728131707258;0,5;0,34375;0,479500122186953;0,333333333333333;1;1;0,6;1;0,333333333333333;0,5;0,5;0,166666666666667;0,166666666666667;0,666666666666667;0,666666666666667;28;50;50;0;100;50;50;0;"FAPROTAX";"human_pathogens_gastroenteritis";"Name";"Genus";"Species";"Strain";"NA2level";"no";"D2V\d+";"D2V\d+|GenomeID";"pickone";"KEGG";"D2V5000"
"caret";"XGBoost";"None";"CV";0,8;10;"downSample";0,833333333333333;0,666666666666667;0,358765421002325;0,995789255485511;0,5;0,109375;1;0,666666666666667;1;1;0,75;1;0,666666666666667;0,8;0,5;0,333333333333333;0,333333333333333;0,833333333333333;0,833333333333333;30;50;50;0;100;50;50;0;"FAPROTAX";"human_pathogens_meningitis";"Name";"Genus";"Species";"Strain";"NA2level";"no";"D2V\d+";"D2V\d+|GenomeID";"pickone";"KEGG";"D2V5000"
"caret";"XGBoost";"None";"CV";0,8;10;"downSample";0;-1;0;0,841886116991581;0,5;1;1;0;0;0;0;0;0;NA;0,5;0;0,5;0;1;16;50;50;0;100;50;50;0;"FAPROTAX";"human_pathogens_nosocomia";"Name";"Genus";"Species";"Strain";"NA2level";"no";"D2V\d+";"D2V\d+|GenomeID";"pickone";"KEGG";"D2V5000"
"caret";"XGBoost";"None";"CV";0,8;10;"downSample";0,5;0;0,118117248757025;0,881882751242975;0,5;0,65625;1;0,333333333333333;0,666666666666667;0,5;0,5;0,5;0,333333333333333;0,4;0,5;0,166666666666667;0,333333333333333;0,5;0,5;30;50;50;0;100;50;50;0;"FAPROTAX";"human_pathogens_pneumonia";"Name";"Genus";"Species";"Strain";"NA2level";"no";"D2V\d+";"D2V\d+|GenomeID";"pickone";"KEGG";"D2V5000"
"caret";"XGBoost";"None";"CV";0,8;10;"downSample";0,25;-0,5;0,0318540262499442;0,650855794412824;0,5;0,96484375;0,683091398309609;0;0,5;0;0,333333333333333;0;0;NA;0,5;0;0,25;0,25;0,75;32;50;50;0;100;50;50;0;"FAPROTAX";"human_pathogens_septicemia";"Name";"Genus";"Species";"Strain";"NA2level";"no";"D2V\d+";"D2V\d+|GenomeID";"pickone";"KEGG";"D2V5000"
"caret";"XGBoost";"None";"CV";0,8;10;"downSample";0,5;0;0,260190582895097;0,739809417104903;0,5;0,592735290527344;1;0,555555555555556;0,444444444444444;0,5;0,5;0,5;0,555555555555556;0,526315789473684;0,5;0,277777777777778;0,555555555555556;0,5;0,5;72;50;50;0;100;50;50;0;"FAPROTAX";"hydrocarbon_degradation";"Name";"Genus";"Species";"Strain";"NA2level";"no";"D2V\d+";"D2V\d+|GenomeID";"pickone";"KEGG";"D2V5000"
"caret";"XGBoost";"None";"CV";0,8;10;"downSample";0,75;0,5;0,194120449683243;0,99369053679029;0,5;0,3125;1;0,5;1;1;0,666666666666667;1;0,5;0,666666666666667;0,5;0,25;0,25;0,75;0,75;16;50;50;0;100;50;50;0;"FAPROTAX";"hydrogenotrophic_methanogenesis";"Name";"Genus";"Species";"Strain";"NA2level";"no";"D2V\d+";"D2V\d+|GenomeID";"pickone";"KEGG";"D2V5000"
"caret";"XGBoost";"None";"CV";0,8;10;"downSample";0,375;-0,25;0,0852334141372536;0,755136783633448;0,5;0,85546875;1;0,25;0,5;0,333333333333333;0,4;0,333333333333333;0,25;0,285714285714286;0,5;0,125;0,375;0,375;0,625;40;50;50;0;100;50;50;0;"FAPROTAX";"invertebrate_parasites";"Name";"Genus";"Species";"Strain";"NA2level";"no";"D2V\d+";"D2V\d+|GenomeID";"pickone";"KEGG";"D2V5000"
"caret";"XGBoost";"None";"CV";0,8;10;"downSample";0,4375;-0,125;0,197534140532668;0,701223100916823;0,5;0,772750854492188;0,504985075093846;0,25;0,625;0,4;0,454545454545455;0,4;0,25;0,307692307692308;0,5;0,125;0,3125;0,4375;0,4375;70;50;50;0;100;50;50;0;"FAPROTAX";"iron_respiration";"Name";"Genus";"Species";"Strain";"NA2level";"no";"D2V\d+";"D2V\d+|GenomeID";"pickone";"KEGG";"D2V5000"
"caret";"XGBoost";"None";"CV";0,8;10;"downSample";0,5;0;0,0125791170934251;0,987420882906575;0,5;0,75;1;0;1;NA;0,5;NA;0;NA;0,5;0;0;0,5;0,5;14;50;50;0;100;50;50;0;"FAPROTAX";"knallgas_bacteria";"Name";"Genus";"Species";"Strain";"NA2level";"no";"D2V\d+";"D2V\d+|GenomeID";"pickone";"KEGG";"D2V5000"
"caret";"XGBoost";"None";"CV";0,8;10;"downSample";0,6;0,2;0,262378076606945;0,878447741880173;0,5;0,376953125;1;0,6;0,6;0,6;0,6;0,6;0,6;0,6;0,5;0,3;0,5;0,6;0,6;40;50;50;0;100;50;50;0;"FAPROTAX";"ligninolysis";"Name";"Genus";"Species";"Strain";"NA2level";"no";"D2V\d+";"D2V\d+|GenomeID";"pickone";"KEGG";"D2V5000"
"caret";"XGBoost";"None";"CV";0,8;10;"downSample";0,638888888888889;0,277777777777778;0,462209000168164;0,791777052913407;0,5;0,0662490819813685;0,579099741953919;0,722222222222222;0,555555555555556;0,619047619047619;0,666666666666667;0,619047619047619;0,722222222222222;0,666666666666667;0,5;0,361111111111111;0,583333333333333;0,638888888888889;0,638888888888889;152;50;50;0;100;50;50;0;"FAPROTAX";"mammal_gut";"Name";"Genus";"Species";"Strain";"NA2level";"no";"D2V\d+";"D2V\d+|GenomeID";"pickone";"KEGG";"D2V5000"
"caret";"XGBoost";"None";"CV";0,8;10;"downSample";0,5;0;0,0125791170934251;0,987420882906575;0,5;0,75;1;0;1;NA;0,5;NA;0;NA;0,5;0;0;0,5;0,5;14;50;50;0;100;50;50;0;"FAPROTAX";"manganese_oxidation";"Name";"Genus";"Species";"Strain";"NA2level";"no";"D2V\d+";"D2V\d+|GenomeID";"pickone";"KEGG";"D2V5000"
"caret";"XGBoost";"None";"CV";0,8;10;"downSample";0,666666666666667;0,333333333333333;0,222778095503512;0,956728131707258;0,5;0,34375;0,479500122186953;0,333333333333333;1;1;0,6;1;0,333333333333333;0,5;0,5;0,166666666666667;0,166666666666667;0,666666666666667;0,666666666666667;26;50;50;0;100;50;50;0;"FAPROTAX";"manganese_respiration";"Name";"Genus";"Species";"Strain";"NA2level";"no";"D2V\d+";"D2V\d+|GenomeID";"pickone";"KEGG";"D2V5000"
"caret";"XGBoost";"None";"CV";0,8;10;"downSample";0,666666666666667;0,333333333333333;0,222778095503512;0,956728131707258;0,5;0,34375;1;0,666666666666667;0,666666666666667;0,666666666666667;0,666666666666667;0,666666666666667;0,666666666666667;0,666666666666667;0,5;0,333333333333333;0,5;0,666666666666667;0,666666666666667;26;50;50;0;100;50;50;0;"FAPROTAX";"methanogenesis";"Name";"Genus";"Species";"Strain";"NA2level";"no";"D2V\d+";"D2V\d+|GenomeID";"pickone";"KEGG";"D2V5000"
"caret";"XGBoost";"None";"CV";0,8;10;"downSample";0,5;0;0,0125791170934251;0,987420882906575;0,5;0,75;1;0;1;NA;0,5;NA;0;NA;0,5;0;0;0,5;0,5;10;50;50;0;100;50;50;0;"FAPROTAX";"methanogenesis_by_CO2_reduction_with_H2";"Name";"Genus";"Species";"Strain";"NA2level";"no";"D2V\d+";"D2V\d+|GenomeID";"pickone";"KEGG";"D2V5000"
"caret";"XGBoost";"None";"CV";0,8;10;"downSample";0,5;0;0,0125791170934251;0,987420882906575;0,5;0,75;1;0;1;NA;0,5;NA;0;NA;0,5;0;0;0,5;0,5;10;50;50;0;100;50;50;0;"FAPROTAX";"methanogenesis_by_reduction_of_methyl_compounds_with_H2";"Name";"Genus";"Species";"Strain";"NA2level";"no";"D2V\d+";"D2V\d+|GenomeID";"pickone";"KEGG";"D2V5000"
"caret";"XGBoost";"None";"CV";0,8;10;"downSample";0,75;0,5;0,349144205587176;0,968145973750056;0,5;0,14453125;0,479500122186953;0,5;1;1;0,666666666666667;1;0,5;0,666666666666667;0,5;0,25;0,25;0,75;0,75;40;50;50;0;100;50;50;0;"FAPROTAX";"methanol_oxidation";"Name";"Genus";"Species";"Strain";"NA2level";"no";"D2V\d+";"D2V\d+|GenomeID";"pickone";"KEGG";"D2V5000"
"caret";"XGBoost";"None";"CV";0,8;10;"downSample";1;1;0,158113883008419;1;0,5;0,25;NA;1;1;1;1;1;1;1;0,5;0,5;0,5;1;1;10;50;50;0;100;50;50;0;"FAPROTAX";"methanotrophy";"Name";"Genus";"Species";"Strain";"NA2level";"no";"D2V\d+";"D2V\d+|GenomeID";"pickone";"KEGG";"D2V5000"
"caret";"XGBoost";"None";"CV";0,8;10;"downSample";0,333333333333333;-0,333333333333333;0,0992460911495833;0,651124493581186;0,5;0,927001953125;1;0,333333333333333;0,333333333333333;0,333333333333333;0,333333333333333;0,333333333333333;0,333333333333333;0,333333333333333;0,5;0,166666666666667;0,5;0,333333333333333;0,666666666666667;52;50;50;0;100;50;50;0;"FAPROTAX";"methylotrophy";"Name";"Genus";"Species";"Strain";"NA2level";"no";"D2V\d+";"D2V\d+|GenomeID";"pickone";"KEGG";"D2V5000"
"caret";"XGBoost";"None";"CV";0,8;10;"downSample";0,625;0,25;0,244863216366552;0,914766585862746;0,5;0,36328125;1;0,75;0,5;0,6;0,666666666666667;0,6;0,75;0,666666666666667;0,5;0,375;0,625;0,625;0,625;38;50;50;0;100;50;50;0;"FAPROTAX";"nitrate_ammonification";"Name";"Genus";"Species";"Strain";"NA2level";"no";"D2V\d+";"D2V\d+|GenomeID";"pickone";"KEGG";"D2V5000"
"caret";"XGBoost";"None";"CV";0,8;10;"downSample";0,5;0;0,271957849560792;0,728042150439208;0,5;0,588098526000976;0,751829634045849;0,6;0,4;0,5;0,5;0,5;0,6;0,545454545454545;0,5;0,3;0,6;0,5;0,5;86;50;50;0;100;50;50;0;"FAPROTAX";"nitrate_denitrification";"Name";"Genus";"Species";"Strain";"NA2level";"no";"D2V\d+";"D2V\d+|GenomeID";"pickone";"KEGG";"D2V5000"
"caret";"XGBoost";"None";"CV";0,8;10;"downSample";0,410377358490566;-0,179245283018868;0,343476839574709;0,479820680632492;0,5;0,996374697533054;0,720514787136255;0,386792452830189;0,433962264150943;0,405940594059406;0,414414414414414;0,405940594059406;0,386792452830189;0,396135265700483;0,5;0,193396226415094;0,476415094339623;0,410377358490566;0,589622641509434;856;50;50;0;100;50;50;0;"FAPROTAX";"nitrate_reduction";"Name";"Genus";"Species";"Strain";"NA2level";"no";"D2V\d+";"D2V\d+|GenomeID";"pickone";"KEGG";"D2V5000"
"caret";"XGBoost";"None";"CV";0,8;10;"downSample";0,375;-0,25;0,257048922448067;0,504923539947335;0,5;0,983617120450588;0,635256295997248;0,3125;0,4375;0,357142857142857;0,388888888888889;0,357142857142857;0,3125;0,333333333333333;0,5;0,15625;0,4375;0,375;0,625;258;50;50;0;100;50;50;0;"FAPROTAX";"nitrate_respiration";"Name";"Genus";"Species";"Strain";"NA2level";"no";"D2V\d+";"D2V\d+|GenomeID";"pickone";"KEGG";"D2V5000"
"caret";"XGBoost";"None";"CV";0,8;10;"downSample";0,25;-0,5;0,00630946320970987;0,805879550316757;0,5;0,9375;1;0,5;0;0,333333333333333;0;0,333333333333333;0,5;0,4;0,5;0,25;0,75;0,25;0,75;16;50;50;0;100;50;50;0;"FAPROTAX";"nitrification";"Name";"Genus";"Species";"Strain";"NA2level";"no";"D2V\d+";"D2V\d+|GenomeID";"pickone";"KEGG";"D2V5000"
"caret";"XGBoost";"None";"CV";0,8;10;"downSample";0,3;-0,4;0,0667395111777345;0,652452850059997;0,5;0,9453125;1;0,2;0,4;0,25;0,333333333333333;0,25;0,2;0,222222222222222;0,5;0,1;0,4;0,3;0,7;48;50;50;0;100;50;50;0;"FAPROTAX";"nitrite_ammonification";"Name";"Genus";"Species";"Strain";"NA2level";"no";"D2V\d+";"D2V\d+|GenomeID";"pickone";"KEGG";"D2V5000"
"caret";"XGBoost";"None";"CV";0,8;10;"downSample";0,55;0,1;0,315278133040549;0,769422103224076;0,5;0,411901473999024;1;0,5;0,6;0,555555555555556;0,545454545454545;0,555555555555556;0,5;0,526315789473684;0,5;0,25;0,45;0,55;0,55;88;50;50;0;100;50;50;0;"FAPROTAX";"nitrite_denitrification";"Name";"Genus";"Species";"Strain";"NA2level";"no";"D2V\d+";"D2V\d+|GenomeID";"pickone";"KEGG";"D2V5000"
"caret";"XGBoost";"None";"CV";0,8;10;"downSample";0,444444444444444;-0,111111111111111;0,279354191966848;0,619023205910616;0,5;0,797483876929619;0,823063273758121;0,5;0,388888888888889;0,45;0,4375;0,45;0,5;0,473684210526316;0,5;0,25;0,555555555555556;0,444444444444444;0,555555555555556;146;50;50;0;100;50;50;0;"FAPROTAX";"nitrite_respiration";"Name";"Genus";"Species";"Strain";"NA2level";"no";"D2V\d+";"D2V\d+|GenomeID";"pickone";"KEGG";"D2V5000"
"caret";"XGBoost";"None";"CV";0,8;10;"downSample";0,5625;0,125;0,376625731590094;0,736361875589015;0,5;0,298307447927073;0,789268026134281;0,625;0,5;0,555555555555556;0,571428571428571;0,555555555555556;0,625;0,588235294117647;0,5;0,3125;0,5625;0,5625;0,5625;130;50;50;0;100;50;50;0;"FAPROTAX";"nitrogen_fixation";"Name";"Genus";"Species";"Strain";"NA2level";"no";"D2V\d+";"D2V\d+|GenomeID";"pickone";"KEGG";"D2V5000"
"caret";"XGBoost";"None";"CV";0,8;10;"downSample";0,367647058823529;-0,264705882352941;0,253897893943975;0,493320906223499;0,5;0,989736533143146;1;0,382352941176471;0,352941176470588;0,371428571428571;0,363636363636364;0,371428571428571;0,382352941176471;0,376811594202899;0,5;0,191176470588235;0,514705882352941;0,367647058823529;0,632352941176471;280;50;50;0;100;50;50;0;"FAPROTAX";"nitrogen_respiration";"Name";"Genus";"Species";"Strain";"NA2level";"no";"D2V\d+";"D2V\d+|GenomeID";"pickone";"KEGG";"D2V5000"
"caret";"XGBoost";"None";"CV";0,8;10;"downSample";0,727272727272727;0,454545454545455;0,497778798733651;0,892710751629603;0,5;0,0262393951416016;1;0,727272727272727;0,727272727272727;0,727272727272727;0,727272727272727;0,727272727272727;0,727272727272727;0,727272727272727;0,5;0,363636363636364;0,5;0,727272727272727;0,727272727272727;88;50;50;0;100;50;50;0;"FAPROTAX";"nitrous_oxide_denitrification";"Name";"Genus";"Species";"Strain";"NA2level";"no";"D2V\d+";"D2V\d+|GenomeID";"pickone";"KEGG";"D2V5000"
"caret";"XGBoost";"None";"CV";0,8;10;"downSample";0,75;0,5;0,194120449683243;0,99369053679029;0,5;0,3125;1;0,5;1;1;0,666666666666667;1;0,5;0,666666666666667;0,5;0,25;0,25;0,75;0,75;16;50;50;0;100;50;50;0;"FAPROTAX";"oil_bioremediation";"Name";"Genus";"Species";"Strain";"NA2level";"no";"D2V\d+";"D2V\d+|GenomeID";"pickone";"KEGG";"D2V5000"
"caret";"XGBoost";"None";"CV";0,8;10;"downSample";0,875;0,75;0,616523763150737;0,984486396184586;0,5;0,0020904541015625;1;0,875;0,875;0,875;0,875;0,875;0,875;0,875;0,5;0,4375;0,5;0,875;0,875;68;50;50;0;100;50;50;0;"FAPROTAX";"photoautotrophy";"Name";"Genus";"Species";"Strain";"NA2level";"no";"D2V\d+";"D2V\d+|GenomeID";"pickone";"KEGG";"D2V5000"
"caret";"XGBoost";"None";"CV";0,8;10;"downSample";0,583333333333333;0,166666666666667;0,366430645656363;0,778903094653321;0,5;0,270628094673157;1;0,583333333333333;0,583333333333333;0,583333333333333;0,583333333333333;0,583333333333333;0,583333333333333;0,583333333333333;0,5;0,291666666666667;0,5;0,583333333333333;0,583333333333333;102;50;50;0;100;50;50;0;"FAPROTAX";"photoheterotrophy";"Name";"Genus";"Species";"Strain";"NA2level";"no";"D2V\d+";"D2V\d+|GenomeID";"pickone";"KEGG";"D2V5000"
"caret";"XGBoost";"None";"CV";0,8;10;"downSample";0,411764705882353;-0,176470588235294;0,246470735297751;0,593030567029152;0,5;0,885259493486956;0,823063273758121;0,470588235294118;0,352941176470588;0,421052631578947;0,4;0,421052631578947;0,470588235294118;0,444444444444444;0,5;0,235294117647059;0,558823529411765;0,411764705882353;0,588235294117647;138;50;50;0;100;50;50;0;"FAPROTAX";"phototrophy";"Name";"Genus";"Species";"Strain";"NA2level";"no";"D2V\d+";"D2V\d+|GenomeID";"pickone";"KEGG";"D2V5000"
"caret";"XGBoost";"None";"CV";0,8;10;"downSample";0,45;-0,1;0,321221523463357;0,583880854366784;0,5;0,816852996648354;1;0,466666666666667;0,433333333333333;0,451612903225806;0,448275862068966;0,451612903225806;0,466666666666667;0,459016393442623;0,5;0,233333333333333;0,516666666666667;0,45;0,55;244;50;50;0;100;50;50;0;"FAPROTAX";"plant_pathogen";"Name";"Genus";"Species";"Strain";"NA2level";"no";"D2V\d+";"D2V\d+|GenomeID";"pickone";"KEGG";"D2V5000"
"caret";"XGBoost";"None";"CV";0,8;10;"downSample";0,666666666666667;0,333333333333333;0,348875506418814;0,900753908850417;0,5;0,19384765625;0,617075077451974;0,833333333333333;0,5;0,625;0,75;0,625;0,833333333333333;0,714285714285714;0,5;0,416666666666667;0,666666666666667;0,666666666666667;0,666666666666667;48;50;50;0;100;50;50;0;"FAPROTAX";"plastic_degradation";"Name";"Genus";"Species";"Strain";"NA2level";"no";"D2V\d+";"D2V\d+|GenomeID";"pickone";"KEGG";"D2V5000"
"caret";"XGBoost";"None";"CV";0,8;10;"downSample";0,5;0;0,118117248757025;0,881882751242975;0,5;0,65625;1;0,666666666666667;0,333333333333333;0,5;0,5;0,5;0,666666666666667;0,571428571428572;0,5;0,333333333333333;0,666666666666667;0,5;0,5;32;50;50;0;100;50;50;0;"FAPROTAX";"reductive_acetogenesis";"Name";"Genus";"Species";"Strain";"NA2level";"no";"D2V\d+";"D2V\d+|GenomeID";"pickone";"KEGG";"D2V5000"
"caret";"XGBoost";"None";"CV";0,8;10;"downSample";0,571428571428571;0,142857142857143;0,371793628612096;0,755376063697853;0,5;0,285794094204903;1;0,571428571428571;0,571428571428571;0,571428571428571;0,571428571428571;0,571428571428571;0,571428571428571;0,571428571428571;0,5;0,285714285714286;0,5;0,571428571428571;0,571428571428571;116;50;50;0;100;50;50;0;"FAPROTAX";"respiration_of_sulfur_compounds";"Name";"Genus";"Species";"Strain";"NA2level";"no";"D2V\d+";"D2V\d+|GenomeID";"pickone";"KEGG";"D2V5000"
"caret";"XGBoost";"None";"CV";0,8;10;"downSample";0,375;-0,25;0,0852334141372536;0,755136783633448;0,5;0,85546875;1;0,5;0,25;0,4;0,333333333333333;0,4;0,5;0,444444444444444;0,5;0,25;0,625;0,375;0,625;34;50;50;0;100;50;50;0;"FAPROTAX";"sulfate_respiration";"Name";"Genus";"Species";"Strain";"NA2level";"no";"D2V\d+";"D2V\d+|GenomeID";"pickone";"KEGG";"D2V5000"
"caret";"XGBoost";"None";"CV";0,8;10;"downSample";0,75;0,5;0,349144205587176;0,968145973750056;0,5;0,14453125;1;0,75;0,75;0,75;0,75;0,75;0,75;0,75;0,5;0,375;0,5;0,75;0,75;40;50;50;0;100;50;50;0;"FAPROTAX";"sulfite_respiration";"Name";"Genus";"Species";"Strain";"NA2level";"no";"D2V\d+";"D2V\d+|GenomeID";"pickone";"KEGG";"D2V5000"
"caret";"XGBoost";"None";"CV";0,8;10;"downSample";0,571428571428571;0,142857142857143;0,288609400038307;0,823388910017882;0,5;0,395263671875;1;0,571428571428571;0,571428571428571;0,571428571428571;0,571428571428571;0,571428571428571;0,571428571428571;0,571428571428571;0,5;0,285714285714286;0,5;0,571428571428571;0,571428571428571;60;50;50;0;100;50;50;0;"FAPROTAX";"sulfur_respiration";"Name";"Genus";"Species";"Strain";"NA2level";"no";"D2V\d+";"D2V\d+|GenomeID";"pickone";"KEGG";"D2V5000"
"caret";"XGBoost";"None";"CV";0,8;10;"downSample";0,5;0;0,210944638239297;0,789055361760703;0,5;0,61279296875;0,683091398309609;0,666666666666667;0,333333333333333;0,5;0,5;0,5;0,666666666666667;0,571428571428572;0,5;0,333333333333333;0,666666666666667;0,5;0,5;48;50;50;0;100;50;50;0;"FAPROTAX";"thiosulfate_respiration";"Name";"Genus";"Species";"Strain";"NA2level";"no";"D2V\d+";"D2V\d+|GenomeID";"pickone";"KEGG";"D2V5000"
"caret";"XGBoost";"None";"CV";0,8;10;"downSample";0,517857142857143;0,0357142857142858;0,421474764198061;0,613272007118936;0,5;0,388482375684836;0,340803246886085;0,589285714285714;0,446428571428571;0,515625;0,520833333333333;0,515625;0,589285714285714;0,55;0,5;0,294642857142857;0,571428571428571;0,517857142857143;0,517857142857143;456;50;50;0;100;50;50;0;"FAPROTAX";"ureolysis";"Name";"Genus";"Species";"Strain";"NA2level";"no";"D2V\d+";"D2V\d+|GenomeID";"pickone";"KEGG";"D2V5000"
"caret";"XGBoost";"None";"CV";0,8;10;"downSample";0,583333333333333;0,166666666666667;0,407565240891777;0,744858951673532;0,5;0,202516123070381;1;0,611111111111111;0,555555555555556;0,578947368421053;0,588235294117647;0,578947368421053;0,611111111111111;0,594594594594595;0,5;0,305555555555556;0,527777777777778;0,583333333333333;0,583333333333333;150;50;50;0;100;50;50;0;"FAPROTAX";"xylanolysis";"Name";"Genus";"Species";"Strain";"NA2level";"no";"D2V\d+";"D2V\d+|GenomeID";"pickone";"KEGG";"D2V5000"
"caret";"glmnet";"None";"CV";0,8;10;"downSample";0,5;0;0,0125791170934251;0,987420882906575;0,5;0,75;1;0;1;NA;0,5;NA;0;NA;0,5;0;0;0,5;0,5;16;50;50;0;100;50;50;0;"FAPROTAX";"aerobic_ammonia_oxidation";"Name";"Genus";"Species";"Strain";"NA2level";"no";"D2V\d+";"D2V\d+|GenomeID";"pickone";"KEGG";"D2V5000"
"caret";"glmnet";"None";"CV";0,8;10;"downSample";0,6875;0,375;0,413379363548641;0,889830045282883;0,5;0,105056762695313;1;0,625;0,75;0,714285714285714;0,666666666666667;0,714285714285714;0,625;0,666666666666667;0,5;0,3125;0,4375;0,6875;0,6875;72;50;50;0;100;50;50;0;"FAPROTAX";"aerobic_anoxygenic_phototrophy";"Name";"Genus";"Species";"Strain";"NA2level";"no";"D2V\d+";"D2V\d+|GenomeID";"pickone";"KEGG";"D2V5000"
"caret";"glmnet";"None";"CV";0,8;10;"downSample";0,56140350877193;0,12280701754386;0,465356649895494;0,654181446141858;0,5;0,111615181227773;0,887537083981715;0,543859649122807;0,578947368421053;0,563636363636364;0,559322033898305;0,563636363636364;0,543859649122807;0,553571428571429;0,5;0,271929824561404;0,482456140350877;0,56140350877193;0,56140350877193;462;50;50;0;100;50;50;0;"FAPROTAX";"aerobic_chemoheterotrophy";"Name";"Genus";"Species";"Strain";"NA2level";"no";"D2V\d+";"D2V\d+|GenomeID";"pickone";"KEGG";"D2V5000"
"caret";"glmnet";"None";"CV";0,8;10;"downSample";0,25;-0,5;0,00630946320970987;0,805879550316757;0,5;0,9375;1;0,5;0;0,333333333333333;0;0,333333333333333;0,5;0,4;0,5;0,25;0,75;0,25;0,75;18;50;50;0;100;50;50;0;"FAPROTAX";"aliphatic_non_methane_hydrocarbon_degradation";"Name";"Genus";"Species";"Strain";"NA2level";"no";"D2V\d+";"D2V\d+|GenomeID";"pickone";"KEGG";"D2V5000"
"caret";"glmnet";"None";"CV";0,8;10;"downSample";0,530769230769231;0,0615384615384615;0,441296224649296;0,618809090507762;0,5;0,26970977614086;0,442355733295141;0,584615384615385;0,476923076923077;0,527777777777778;0,53448275862069;0,527777777777778;0,584615384615385;0,554744525547445;0,5;0,292307692307692;0,553846153846154;0,530769230769231;0,530769230769231;522;50;50;0;100;50;50;0;"FAPROTAX";"animal_parasites_or_symbionts";"Name";"Genus";"Species";"Strain";"NA2level";"no";"D2V\d+";"D2V\d+|GenomeID";"pickone";"KEGG";"D2V5000"
"caret";"glmnet";"None";"CV";0,8;10;"downSample";0,4375;-0,125;0,197534140532668;0,701223100916823;0,5;0,772750854492188;0,504985075093846;0,625;0,25;0,454545454545455;0,4;0,454545454545455;0,625;0,526315789473684;0,5;0,3125;0,6875;0,4375;0,4375;68;50;50;0;100;50;50;0;"FAPROTAX";"anoxygenic_photoautotrophy";"Name";"Genus";"Species";"Strain";"NA2level";"no";"D2V\d+";"D2V\d+|GenomeID";"pickone";"KEGG";"D2V5000"
"caret";"glmnet";"None";"CV";0,8;10;"downSample";0,625;0,25;0,244863216366552;0,914766585862746;0,5;0,36328125;1;0,75;0,5;0,6;0,666666666666667;0,6;0,75;0,666666666666667;0,5;0,375;0,625;0,625;0,625;36;50;50;0;100;50;50;0;"FAPROTAX";"anoxygenic_photoautotrophy_H2_oxidizing";"Name";"Genus";"Species";"Strain";"NA2level";"no";"D2V\d+";"D2V\d+|GenomeID";"pickone";"KEGG";"D2V5000"
"caret";"glmnet";"None";"CV";0,8;10;"downSample";0,333333333333333;-0,333333333333333;0,0992460911495833;0,651124493581186;0,5;0,927001953125;1;0,333333333333333;0,333333333333333;0,333333333333333;0,333333333333333;0,333333333333333;0,333333333333333;0,333333333333333;0,5;0,166666666666667;0,5;0,333333333333333;0,666666666666667;50;50;50;0;100;50;50;0;"FAPROTAX";"anoxygenic_photoautotrophy_S_oxidizing";"Name";"Genus";"Species";"Strain";"NA2level";"no";"D2V\d+";"D2V\d+|GenomeID";"pickone";"KEGG";"D2V5000"
"caret";"glmnet";"None";"CV";0,8;10;"downSample";0,541666666666667;0,0833333333333333;0,328208075695178;0,744469798005254;0,5;0,419409871101379;0,546493595406582;0,666666666666667;0,416666666666667;0,533333333333333;0,555555555555556;0,533333333333333;0,666666666666667;0,592592592592593;0,5;0,333333333333333;0,625;0,541666666666667;0,541666666666667;98;50;50;0;100;50;50;0;"FAPROTAX";"aromatic_compound_degradation";"Name";"Genus";"Species";"Strain";"NA2level";"no";"D2V\d+";"D2V\d+|GenomeID";"pickone";"KEGG";"D2V5000"
"caret";"glmnet";"None";"CV";0,8;10;"downSample";0,5;0;0,187086028447399;0,812913971552601;0,5;0,623046875;1;0,4;0,6;0,5;0,5;0,5;0,4;0,444444444444444;0,5;0,2;0,4;0,5;0,5;46;50;50;0;100;50;50;0;"FAPROTAX";"aromatic_hydrocarbon_degradation";"Name";"Genus";"Species";"Strain";"NA2level";"no";"D2V\d+";"D2V\d+|GenomeID";"pickone";"KEGG";"D2V5000"
"caret";"glmnet";"None";"CV";0,8;10;"downSample";1;1;0,158113883008419;1;0,5;0,25;NA;1;1;1;1;1;1;1;0,5;0,5;0,5;1;1;12;50;50;0;100;50;50;0;"FAPROTAX";"arsenate_detoxification";"Name";"Genus";"Species";"Strain";"NA2level";"no";"D2V\d+";"D2V\d+|GenomeID";"pickone";"KEGG";"D2V5000"
"caret";"glmnet";"None";"CV";0,8;10;"downSample";0;-1;0;0,602364635616475;0,5;1;1;0;0;0;0;0;0;NA;0,5;0;0,5;0;1;20;50;50;0;100;50;50;0;"FAPROTAX";"arsenate_respiration";"Name";"Genus";"Species";"Strain";"NA2level";"no";"D2V\d+";"D2V\d+|GenomeID";"pickone";"KEGG";"D2V5000"
"caret";"glmnet";"None";"CV";0,8;10;"downSample";0;-1;0;0,841886116991581;0,5;1;1;0;0;0;0;0;0;NA;0,5;0;0,5;0;1;10;50;50;0;100;50;50;0;"FAPROTAX";"arsenite_oxidation_detoxification";"Name";"Genus";"Species";"Strain";"NA2level";"no";"D2V\d+";"D2V\d+|GenomeID";"pickone";"KEGG";"D2V5000"
"caret";"glmnet";"None";"CV";0,8;10;"downSample";0,607142857142857;0,214285714285714;0,405768206487563;0,784957170839039;0,5;0,172464225441218;0,227799993988229;0,785714285714286;0,428571428571429;0,578947368421053;0,666666666666667;0,578947368421053;0,785714285714286;0,666666666666667;0,5;0,392857142857143;0,678571428571429;0,607142857142857;0,607142857142857;114;50;50;0;100;50;50;0;"FAPROTAX";"cellulolysis";"Name";"Genus";"Species";"Strain";"NA2level";"no";"D2V\d+";"D2V\d+|GenomeID";"pickone";"KEGG";"D2V5000"
"caret";"glmnet";"None";"CV";0,8;10;"downSample";0,469325153374233;-0,0613496932515337;0,414112415482133;0,525100185517777;0,5;0,877623041311144;0,447083695489867;0,43558282208589;0,503067484662577;0,467105263157895;0,471264367816092;0,467105263157895;0,43558282208589;0,450793650793651;0,5;0,217791411042945;0,466257668711656;0,469325153374233;0,469325153374233;1304;50;50;0;100;50;50;0;"FAPROTAX";"chemoheterotrophy";"Name";"Genus";"Species";"Strain";"NA2level";"no";"D2V\d+";"D2V\d+|GenomeID";"pickone";"KEGG";"D2V5000"
"caret";"glmnet";"None";"CV";0,8;10;"downSample";0,444444444444444;-0,111111111111111;0,2153015073873;0,692428341001244;0,5;0,759658813476562;0,751829634045849;0,555555555555556;0,333333333333333;0,454545454545455;0,428571428571429;0,454545454545455;0,555555555555556;0,5;0,5;0,277777777777778;0,611111111111111;0,444444444444444;0,444444444444444;80;50;50;0;100;50;50;0;"FAPROTAX";"chitinolysis";"Name";"Genus";"Species";"Strain";"NA2level";"no";"D2V\d+";"D2V\d+|GenomeID";"pickone";"KEGG";"D2V5000"
"caret";"glmnet";"None";"CV";0,8;10;"downSample";0,357142857142857;-0,285714285714286;0,186406660000445;0,559349687253333;0,5;0,956420723348856;0,813663715766792;0,428571428571429;0,285714285714286;0,375;0,333333333333333;0,375;0,428571428571429;0,4;0,5;0,214285714285714;0,571428571428571;0,357142857142857;0,642857142857143;112;50;50;0;100;50;50;0;"FAPROTAX";"dark_hydrogen_oxidation";"Name";"Genus";"Species";"Strain";"NA2level";"no";"D2V\d+";"D2V\d+|GenomeID";"pickone";"KEGG";"D2V5000"
"caret";"glmnet";"None";"CV";0,8;10;"downSample";0,5;0;0,157012770487058;0,842987229512942;0,5;0,63671875;1;0,5;0,5;0,5;0,5;0,5;0,5;0,5;0,5;0,25;0,5;0,5;0,5;34;50;50;0;100;50;50;0;"FAPROTAX";"dark_iron_oxidation";"Name";"Genus";"Species";"Strain";"NA2level";"no";"D2V\d+";"D2V\d+|GenomeID";"pickone";"KEGG";"D2V5000"
"caret";"glmnet";"None";"CV";0,8;10;"downSample";0,454545454545455;-0,0909090909090909;0,243861865923017;0,677895245446828;0,5;0,738266468048096;0,772829992684448;0,545454545454545;0,363636363636364;0,461538461538462;0,444444444444444;0,461538461538462;0,545454545454545;0,5;0,5;0,272727272727273;0,590909090909091;0,454545454545455;0,454545454545455;90;50;50;0;100;50;50;0;"FAPROTAX";"dark_oxidation_of_sulfur_compounds";"Name";"Genus";"Species";"Strain";"NA2level";"no";"D2V\d+";"D2V\d+|GenomeID";"pickone";"KEGG";"D2V5000"
"caret";"glmnet";"None";"CV";0,8;10;"downSample";0,666666666666667;0,333333333333333;0,222778095503512;0,956728131707258;0,5;0,34375;1;0,666666666666667;0,666666666666667;0,666666666666667;0,666666666666667;0,666666666666667;0,666666666666667;0,666666666666667;0,5;0,333333333333333;0,5;0,666666666666667;0,666666666666667;30;50;50;0;100;50;50;0;"FAPROTAX";"dark_sulfide_oxidation";"Name";"Genus";"Species";"Strain";"NA2level";"no";"D2V\d+";"D2V\d+|GenomeID";"pickone";"KEGG";"D2V5000"
"caret";"glmnet";"None";"CV";0,8;10;"downSample";0;-1;0;0,841886116991581;0,5;1;1;0;0;0;0;0;0;NA;0,5;0;0,5;0;1;8;50;50;0;100;50;50;0;"FAPROTAX";"dark_sulfite_oxidation";"Name";"Genus";"Species";"Strain";"NA2level";"no";"D2V\d+";"D2V\d+|GenomeID";"pickone";"KEGG";"D2V5000"
"caret";"glmnet";"None";"CV";0,8;10;"downSample";0,75;0,5;0,349144205587176;0,968145973750056;0,5;0,14453125;0,479500122186953;0,5;1;1;0,666666666666667;1;0,5;0,666666666666667;0,5;0,25;0,25;0,75;0,75;34;50;50;0;100;50;50;0;"FAPROTAX";"dark_sulfur_oxidation";"Name";"Genus";"Species";"Strain";"NA2level";"no";"D2V\d+";"D2V\d+|GenomeID";"pickone";"KEGG";"D2V5000"
"caret";"glmnet";"None";"CV";0,8;10;"downSample";0,4375;-0,125;0,197534140532668;0,701223100916823;0,5;0,772750854492188;1;0,375;0,5;0,428571428571429;0,444444444444444;0,428571428571429;0,375;0,4;0,5;0,1875;0,4375;0,4375;0,5625;72;50;50;0;100;50;50;0;"FAPROTAX";"dark_thiosulfate_oxidation";"Name";"Genus";"Species";"Strain";"NA2level";"no";"D2V\d+";"D2V\d+|GenomeID";"pickone";"KEGG";"D2V5000"
"caret";"glmnet";"None";"CV";0,8;10;"downSample";0,5;0;0,282210520938093;0,717789479061907;0,5;0,584094047546386;0,546493595406582;0,636363636363636;0,363636363636364;0,5;0,5;0,5;0,636363636363636;0,56;0,5;0,318181818181818;0,636363636363636;0,5;0,5;94;50;50;0;100;50;50;0;"FAPROTAX";"denitrification";"Name";"Genus";"Species";"Strain";"NA2level";"no";"D2V\d+";"D2V\d+|GenomeID";"pickone";"KEGG";"D2V5000"
"caret";"glmnet";"None";"CV";0,8;10;"downSample";0,666666666666667;0,333333333333333;0,222778095503512;0,956728131707258;0,5;0,34375;0,479500122186953;1;0,333333333333333;0,6;1;0,6;1;0,75;0,5;0,5;0,833333333333333;0,666666666666667;0,666666666666667;32;50;50;0;100;50;50;0;"FAPROTAX";"dissimilatory_arsenate_reduction";"Name";"Genus";"Species";"Strain";"NA2level";"no";"D2V\d+";"D2V\d+|GenomeID";"pickone";"KEGG";"D2V5000"
"caret";"glmnet";"None";"CV";0,8;10;"downSample";1;1;0,158113883008419;1;0,5;0,25;NA;1;1;1;1;1;1;1;0,5;0,5;0,5;1;1;16;50;50;0;100;50;50;0;"FAPROTAX";"dissimilatory_arsenite_oxidation";"Name";"Genus";"Species";"Strain";"NA2level";"no";"D2V\d+";"D2V\d+|GenomeID";"pickone";"KEGG";"D2V5000"
"caret";"glmnet";"None";"CV";0,8;10;"downSample";0,467213114754098;-0,0655737704918032;0,376363434492202;0,559691642780613;0,5;0,792357409343734;1;0,475409836065574;0,459016393442623;0,467741935483871;0,466666666666667;0,467741935483871;0,475409836065574;0,471544715447154;0,5;0,237704918032787;0,508196721311475;0,467213114754098;0,532786885245902;496;50;50;0;100;50;50;0;"FAPROTAX";"fermentation";"Name";"Genus";"Species";"Strain";"NA2level";"no";"D2V\d+";"D2V\d+|GenomeID";"pickone";"KEGG";"D2V5000"
"caret";"glmnet";"None";"CV";0,8;10;"downSample";0;-1;0;0,841886116991581;0,5;1;1;0;0;0;0;0;0;NA;0,5;0;0,5;0;1;8;50;50;0;100;50;50;0;"FAPROTAX";"fish_parasites";"Name";"Genus";"Species";"Strain";"NA2level";"no";"D2V\d+";"D2V\d+|GenomeID";"pickone";"KEGG";"D2V5000"
"caret";"glmnet";"None";"CV";0,8;10;"downSample";0,5;0;0,271957849560792;0,728042150439208;0,5;0,588098526000976;1;0,5;0,5;0,5;0,5;0,5;0,5;0,5;0,5;0,25;0,5;0,5;0,5;82;50;50;0;100;50;50;0;"FAPROTAX";"fumarate_respiration";"Name";"Genus";"Species";"Strain";"NA2level";"no";"D2V\d+";"D2V\d+|GenomeID";"pickone";"KEGG";"D2V5000"
"caret";"glmnet";"None";"CV";0,8;10;"downSample";0,444444444444444;-0,111111111111111;0,348820077671223;0,543193030000371;0,5;0,894617103010609;0,897278961260083;0,462962962962963;0,425925925925926;0,446428571428571;0,442307692307692;0,446428571428571;0,462962962962963;0,454545454545455;0,5;0,231481481481481;0,518518518518518;0,444444444444444;0,555555555555556;432;50;50;0;100;50;50;0;"FAPROTAX";"human_associated";"Name";"Genus";"Species";"Strain";"NA2level";"no";"D2V\d+";"D2V\d+|GenomeID";"pickone";"KEGG";"D2V5000"
"caret";"glmnet";"None";"CV";0,8;10;"downSample";0,5;0;0,32922179945771;0,67077820054229;0,5;0,56603029978578;1;0,5;0,5;0,5;0,5;0,5;0,5;0,5;0,5;0,25;0,5;0,5;0,5;152;50;50;0;100;50;50;0;"FAPROTAX";"human_gut";"Name";"Genus";"Species";"Strain";"NA2level";"no";"D2V\d+";"D2V\d+|GenomeID";"pickone";"KEGG";"D2V5000"
"caret";"glmnet";"None";"CV";0,8;10;"downSample";0,513513513513513;0,027027027027027;0,39442136177419;0,631490881815784;0,5;0,45378030880625;0,867632334778193;0,540540540540541;0,486486486486487;0,512820512820513;0,514285714285714;0,512820512820513;0,540540540540541;0,526315789473684;0,5;0,27027027027027;0,527027027027027;0,513513513513514;0,513513513513513;302;50;50;0;100;50;50;0;"FAPROTAX";"human_pathogens_all";"Name";"Genus";"Species";"Strain";"NA2level";"no";"D2V\d+";"D2V\d+|GenomeID";"pickone";"KEGG";"D2V5000"
"caret";"glmnet";"None";"CV";0,8;10;"downSample";1;1;0,397635364383525;1;0,5;0,0625;NA;1;1;1;1;1;1;1;0,5;0,5;0,5;1;1;20;50;50;0;100;50;50;0;"FAPROTAX";"human_pathogens_diarrhea";"Name";"Genus";"Species";"Strain";"NA2level";"no";"D2V\d+";"D2V\d+|GenomeID";"pickone";"KEGG";"D2V5000"
"caret";"glmnet";"None";"CV";0,8;10;"downSample";0,666666666666667;0,333333333333333;0,222778095503512;0,956728131707258;0,5;0,34375;1;0,666666666666667;0,666666666666667;0,666666666666667;0,666666666666667;0,666666666666667;0,666666666666667;0,666666666666667;0,5;0,333333333333333;0,5;0,666666666666667;0,666666666666667;28;50;50;0;100;50;50;0;"FAPROTAX";"human_pathogens_gastroenteritis";"Name";"Genus";"Species";"Strain";"NA2level";"no";"D2V\d+";"D2V\d+|GenomeID";"pickone";"KEGG";"D2V5000"
"caret";"glmnet";"None";"CV";0,8;10;"downSample";0,666666666666667;0,333333333333333;0,222778095503512;0,956728131707258;0,5;0,34375;1;0,666666666666667;0,666666666666667;0,666666666666667;0,666666666666667;0,666666666666667;0,666666666666667;0,666666666666667;0,5;0,333333333333333;0,5;0,666666666666667;0,666666666666667;30;50;50;0;100;50;50;0;"FAPROTAX";"human_pathogens_meningitis";"Name";"Genus";"Species";"Strain";"NA2level";"no";"D2V\d+";"D2V\d+|GenomeID";"pickone";"KEGG";"D2V5000"
"caret";"glmnet";"None";"CV";0,8;10;"downSample";1;1;0,158113883008419;1;0,5;0,25;NA;1;1;1;1;1;1;1;0,5;0,5;0,5;1;1;16;50;50;0;100;50;50;0;"FAPROTAX";"human_pathogens_nosocomia";"Name";"Genus";"Species";"Strain";"NA2level";"no";"D2V\d+";"D2V\d+|GenomeID";"pickone";"KEGG";"D2V5000"
"caret";"glmnet";"None";"CV";0,8;10;"downSample";0,666666666666667;0,333333333333333;0,222778095503512;0,956728131707258;0,5;0,34375;0,479500122186953;0,333333333333333;1;1;0,6;1;0,333333333333333;0,5;0,5;0,166666666666667;0,166666666666667;0,666666666666667;0,666666666666667;30;50;50;0;100;50;50;0;"FAPROTAX";"human_pathogens_pneumonia";"Name";"Genus";"Species";"Strain";"NA2level";"no";"D2V\d+";"D2V\d+|GenomeID";"pickone";"KEGG";"D2V5000"
"caret";"glmnet";"None";"CV";0,8;10;"downSample";0,625;0,25;0,244863216366552;0,914766585862746;0,5;0,36328125;1;0,75;0,5;0,6;0,666666666666667;0,6;0,75;0,666666666666667;0,5;0,375;0,625;0,625;0,625;32;50;50;0;100;50;50;0;"FAPROTAX";"human_pathogens_septicemia";"Name";"Genus";"Species";"Strain";"NA2level";"no";"D2V\d+";"D2V\d+|GenomeID";"pickone";"KEGG";"D2V5000"
"caret";"glmnet";"None";"CV";0,8;10;"downSample";0,444444444444444;-0,111111111111111;0,2153015073873;0,692428341001244;0,5;0,759658813476562;0,751829634045849;0,333333333333333;0,555555555555556;0,428571428571429;0,454545454545455;0,428571428571429;0,333333333333333;0,375;0,5;0,166666666666667;0,388888888888889;0,444444444444444;0,444444444444444;72;50;50;0;100;50;50;0;"FAPROTAX";"hydrocarbon_degradation";"Name";"Genus";"Species";"Strain";"NA2level";"no";"D2V\d+";"D2V\d+|GenomeID";"pickone";"KEGG";"D2V5000"
"caret";"glmnet";"None";"CV";0,8;10;"downSample";0,25;-0,5;0,00630946320970987;0,805879550316757;0,5;0,9375;1;0;0,5;0;0,333333333333333;0;0;NA;0,5;0;0,25;0,25;0,75;16;50;50;0;100;50;50;0;"FAPROTAX";"hydrogenotrophic_methanogenesis";"Name";"Genus";"Species";"Strain";"NA2level";"no";"D2V\d+";"D2V\d+|GenomeID";"pickone";"KEGG";"D2V5000"
"caret";"glmnet";"None";"CV";0,8;10;"downSample";0,875;0,75;0,473490329124793;0,996840276468748;0,5;0,03515625;1;1;0,75;0,8;1;0,8;1;0,888888888888889;0,5;0,5;0,625;0,875;0,875;40;50;50;0;100;50;50;0;"FAPROTAX";"invertebrate_parasites";"Name";"Genus";"Species";"Strain";"NA2level";"no";"D2V\d+";"D2V\d+|GenomeID";"pickone";"KEGG";"D2V5000"
"caret";"glmnet";"None";"CV";0,8;10;"downSample";0,3125;-0,375;0,110169954717117;0,586620636451359;0,5;0,961593627929688;1;0,25;0,375;0,285714285714286;0,333333333333333;0,285714285714286;0,25;0,266666666666667;0,5;0,125;0,4375;0,3125;0,6875;70;50;50;0;100;50;50;0;"FAPROTAX";"iron_respiration";"Name";"Genus";"Species";"Strain";"NA2level";"no";"D2V\d+";"D2V\d+|GenomeID";"pickone";"KEGG";"D2V5000"
"caret";"glmnet";"None";"CV";0,8;10;"downSample";1;1;0,158113883008419;1;0,5;0,25;NA;1;1;1;1;1;1;1;0,5;0,5;0,5;1;1;14;50;50;0;100;50;50;0;"FAPROTAX";"knallgas_bacteria";"Name";"Genus";"Species";"Strain";"NA2level";"no";"D2V\d+";"D2V\d+|GenomeID";"pickone";"KEGG";"D2V5000"
"caret";"glmnet";"None";"CV";0,8;10;"downSample";0,7;0,4;0,347547149940003;0,933260488822266;0,5;0,171875;1;0,6;0,8;0,75;0,666666666666667;0,75;0,6;0,666666666666667;0,5;0,3;0,4;0,7;0,7;40;50;50;0;100;50;50;0;"FAPROTAX";"ligninolysis";"Name";"Genus";"Species";"Strain";"NA2level";"no";"D2V\d+";"D2V\d+|GenomeID";"pickone";"KEGG";"D2V5000"
"caret";"glmnet";"None";"CV";0,8;10;"downSample";0,472222222222222;-0,0555555555555556;0,304050588716265;0,64513620146269;0,5;0,691140341485152;0,64635519553949;0,555555555555556;0,388888888888889;0,476190476190476;0,466666666666667;0,476190476190476;0,555555555555556;0,512820512820513;0,5;0,277777777777778;0,583333333333333;0,472222222222222;0,472222222222222;152;50;50;0;100;50;50;0;"FAPROTAX";"mammal_gut";"Name";"Genus";"Species";"Strain";"NA2level";"no";"D2V\d+";"D2V\d+|GenomeID";"pickone";"KEGG";"D2V5000"
"caret";"glmnet";"None";"CV";0,8;10;"downSample";1;1;0,158113883008419;1;0,5;0,25;NA;1;1;1;1;1;1;1;0,5;0,5;0,5;1;1;14;50;50;0;100;50;50;0;"FAPROTAX";"manganese_oxidation";"Name";"Genus";"Species";"Strain";"NA2level";"no";"D2V\d+";"D2V\d+|GenomeID";"pickone";"KEGG";"D2V5000"
"caret";"glmnet";"None";"CV";0,8;10;"downSample";0,333333333333333;-0,333333333333333;0,0432718682927417;0,777221904496488;0,5;0,890625;1;0,333333333333333;0,333333333333333;0,333333333333333;0,333333333333333;0,333333333333333;0,333333333333333;0,333333333333333;0,5;0,166666666666667;0,5;0,333333333333333;0,666666666666667;26;50;50;0;100;50;50;0;"FAPROTAX";"manganese_respiration";"Name";"Genus";"Species";"Strain";"NA2level";"no";"D2V\d+";"D2V\d+|GenomeID";"pickone";"KEGG";"D2V5000"
"caret";"glmnet";"None";"CV";0,8;10;"downSample";0,5;0;0,118117248757025;0,881882751242975;0,5;0,65625;1;0,666666666666667;0,333333333333333;0,5;0,5;0,5;0,666666666666667;0,571428571428572;0,5;0,333333333333333;0,666666666666667;0,5;0,5;26;50;50;0;100;50;50;0;"FAPROTAX";"methanogenesis";"Name";"Genus";"Species";"Strain";"NA2level";"no";"D2V\d+";"D2V\d+|GenomeID";"pickone";"KEGG";"D2V5000"
"caret";"glmnet";"None";"CV";0,8;10;"downSample";0,5;0;0,0125791170934251;0,987420882906575;0,5;0,75;1;1;0;0,5;NA;0,5;1;0,666666666666667;0,5;0,5;1;0,5;0,5;10;50;50;0;100;50;50;0;"FAPROTAX";"methanogenesis_by_CO2_reduction_with_H2";"Name";"Genus";"Species";"Strain";"NA2level";"no";"D2V\d+";"D2V\d+|GenomeID";"pickone";"KEGG";"D2V5000"
"caret";"glmnet";"None";"CV";0,8;10;"downSample";0,5;0;0,0125791170934251;0,987420882906575;0,5;0,75;1;0;1;NA;0,5;NA;0;NA;0,5;0;0;0,5;0,5;10;50;50;0;100;50;50;0;"FAPROTAX";"methanogenesis_by_reduction_of_methyl_compounds_with_H2";"Name";"Genus";"Species";"Strain";"NA2level";"no";"D2V\d+";"D2V\d+|GenomeID";"pickone";"KEGG";"D2V5000"
"caret";"glmnet";"None";"CV";0,8;10;"downSample";0,375;-0,25;0,0852334141372536;0,755136783633448;0,5;0,85546875;1;0,5;0,25;0,4;0,333333333333333;0,4;0,5;0,444444444444444;0,5;0,25;0,625;0,375;0,625;40;50;50;0;100;50;50;0;"FAPROTAX";"methanol_oxidation";"Name";"Genus";"Species";"Strain";"NA2level";"no";"D2V\d+";"D2V\d+|GenomeID";"pickone";"KEGG";"D2V5000"
"caret";"glmnet";"None";"CV";0,8;10;"downSample";0;-1;0;0,841886116991581;0,5;1;1;0;0;0;0;0;0;NA;0,5;0;0,5;0;1;10;50;50;0;100;50;50;0;"FAPROTAX";"methanotrophy";"Name";"Genus";"Species";"Strain";"NA2level";"no";"D2V\d+";"D2V\d+|GenomeID";"pickone";"KEGG";"D2V5000"
"caret";"glmnet";"None";"CV";0,8;10;"downSample";0,666666666666667;0,333333333333333;0,348875506418814;0,900753908850417;0,5;0,19384765625;0,617075077451974;0,833333333333333;0,5;0,625;0,75;0,625;0,833333333333333;0,714285714285714;0,5;0,416666666666667;0,666666666666667;0,666666666666667;0,666666666666667;52;50;50;0;100;50;50;0;"FAPROTAX";"methylotrophy";"Name";"Genus";"Species";"Strain";"NA2level";"no";"D2V\d+";"D2V\d+|GenomeID";"pickone";"KEGG";"D2V5000"
"caret";"glmnet";"None";"CV";0,8;10;"downSample";0,625;0,25;0,244863216366552;0,914766585862746;0,5;0,36328125;1;0,5;0,75;0,666666666666667;0,6;0,666666666666667;0,5;0,571428571428572;0,5;0,25;0,375;0,625;0,625;38;50;50;0;100;50;50;0;"FAPROTAX";"nitrate_ammonification";"Name";"Genus";"Species";"Strain";"NA2level";"no";"D2V\d+";"D2V\d+|GenomeID";"pickone";"KEGG";"D2V5000"
"caret";"glmnet";"None";"CV";0,8;10;"downSample";0,55;0,1;0,315278133040549;0,769422103224076;0,5;0,411901473999024;1;0,6;0,5;0,545454545454545;0,555555555555556;0,545454545454545;0,6;0,571428571428571;0,5;0,3;0,55;0,55;0,55;86;50;50;0;100;50;50;0;"FAPROTAX";"nitrate_denitrification";"Name";"Genus";"Species";"Strain";"NA2level";"no";"D2V\d+";"D2V\d+|GenomeID";"pickone";"KEGG";"D2V5000"
"caret";"glmnet";"None";"CV";0,8;10;"downSample";0,518867924528302;0,0377358490566038;0,449398696404802;0,587802181806743;0,5;0,315394943295712;0,372857936395183;0,471698113207547;0,566037735849057;0,520833333333333;0,517241379310345;0,520833333333333;0,471698113207547;0,495049504950495;0,5;0,235849056603774;0,452830188679245;0,518867924528302;0,518867924528302;856;50;50;0;100;50;50;0;"FAPROTAX";"nitrate_reduction";"Name";"Genus";"Species";"Strain";"NA2level";"no";"D2V\d+";"D2V\d+|GenomeID";"pickone";"KEGG";"D2V5000"
"caret";"glmnet";"None";"CV";0,8;10;"downSample";0,515625;0,03125;0,387258808220424;0,642498003280238;0,5;0,450326623126018;0,472497614000689;0,59375;0,4375;0,513513513513513;0,518518518518518;0,513513513513513;0,59375;0,550724637681159;0,5;0,296875;0,578125;0,515625;0,515625;258;50;50;0;100;50;50;0;"FAPROTAX";"nitrate_respiration";"Name";"Genus";"Species";"Strain";"NA2level";"no";"D2V\d+";"D2V\d+|GenomeID";"pickone";"KEGG";"D2V5000"
"caret";"glmnet";"None";"CV";0,8;10;"downSample";0,5;0;0,067585986488543;0,932414013511457;0,5;0,6875;0,479500122186953;1;0;0,5;NA;0,5;1;0,666666666666667;0,5;0,5;1;0,5;0,5;16;50;50;0;100;50;50;0;"FAPROTAX";"nitrification";"Name";"Genus";"Species";"Strain";"NA2level";"no";"D2V\d+";"D2V\d+|GenomeID";"pickone";"KEGG";"D2V5000"
"caret";"glmnet";"None";"CV";0,8;10;"downSample";0,4;-0,2;0,121552258119827;0,737621923393055;0,5;0,828125;1;0,4;0,4;0,4;0,4;0,4;0,4;0,4;0,5;0,2;0,5;0,4;0,6;48;50;50;0;100;50;50;0;"FAPROTAX";"nitrite_ammonification";"Name";"Genus";"Species";"Strain";"NA2level";"no";"D2V\d+";"D2V\d+|GenomeID";"pickone";"KEGG";"D2V5000"
"caret";"glmnet";"None";"CV";0,8;10;"downSample";0,6;0,2;0,36054258730749;0,808809939274693;0,5;0,25172233581543;0,077099871743542;0,3;0,9;0,75;0,5625;0,75;0,3;0,428571428571428;0,5;0,15;0,2;0,6;0,6;88;50;50;0;100;50;50;0;"FAPROTAX";"nitrite_denitrification";"Name";"Genus";"Species";"Strain";"NA2level";"no";"D2V\d+";"D2V\d+|GenomeID";"pickone";"KEGG";"D2V5000"
"caret";"glmnet";"None";"CV";0,8;10;"downSample";0,5;0;0,32922179945771;0,67077820054229;0,5;0,56603029978578;0,813663715766792;0,444444444444444;0,555555555555556;0,5;0,5;0,5;0,444444444444444;0,470588235294118;0,5;0,222222222222222;0,444444444444444;0,5;0,5;146;50;50;0;100;50;50;0;"FAPROTAX";"nitrite_respiration";"Name";"Genus";"Species";"Strain";"NA2level";"no";"D2V\d+";"D2V\d+|GenomeID";"pickone";"KEGG";"D2V5000"
"caret";"glmnet";"None";"CV";0,8;10;"downSample";0,40625;-0,1875;0,236984100551743;0,593550753423524;0,5;0,892336425138638;0,64635519553949;0,5;0,3125;0,421052631578947;0,384615384615385;0,421052631578947;0,5;0,457142857142857;0,5;0,25;0,59375;0,40625;0,59375;130;50;50;0;100;50;50;0;"FAPROTAX";"nitrogen_fixation";"Name";"Genus";"Species";"Strain";"NA2level";"no";"D2V\d+";"D2V\d+|GenomeID";"pickone";"KEGG";"D2V5000"
"caret";"glmnet";"None";"CV";0,8;10;"downSample";0,558823529411765;0,117647058823529;0,433178076850381;0,679179935326291;0,5;0,198062420148515;1;0,558823529411765;0,558823529411765;0,558823529411765;0,558823529411765;0,558823529411765;0,558823529411765;0,558823529411765;0,5;0,279411764705882;0,5;0,558823529411765;0,558823529411765;280;50;50;0;100;50;50;0;"FAPROTAX";"nitrogen_respiration";"Name";"Genus";"Species";"Strain";"NA2level";"no";"D2V\d+";"D2V\d+|GenomeID";"pickone";"KEGG";"D2V5000"
"caret";"glmnet";"None";"CV";0,8;10;"downSample";0,590909090909091;0,181818181818182;0,363546961729731;0,792906877002851;0,5;0,261733531951904;1;0,636363636363636;0,545454545454545;0,583333333333333;0,6;0,583333333333333;0,636363636363636;0,608695652173913;0,5;0,318181818181818;0,545454545454545;0,590909090909091;0,590909090909091;88;50;50;0;100;50;50;0;"FAPROTAX";"nitrous_oxide_denitrification";"Name";"Genus";"Species";"Strain";"NA2level";"no";"D2V\d+";"D2V\d+|GenomeID";"pickone";"KEGG";"D2V5000"
"caret";"glmnet";"None";"CV";0,8;10;"downSample";0,5;0;0,067585986488543;0,932414013511457;0,5;0,6875;1;0,5;0,5;0,5;0,5;0,5;0,5;0,5;0,5;0,25;0,5;0,5;0,5;16;50;50;0;100;50;50;0;"FAPROTAX";"oil_bioremediation";"Name";"Genus";"Species";"Strain";"NA2level";"no";"D2V\d+";"D2V\d+|GenomeID";"pickone";"KEGG";"D2V5000"
"caret";"glmnet";"None";"CV";0,8;10;"downSample";0,5;0;0,246510111490575;0,753489888509425;0,5;0,598190307617187;1;0,5;0,5;0,5;0,5;0,5;0,5;0,5;0,5;0,25;0,5;0,5;0,5;68;50;50;0;100;50;50;0;"FAPROTAX";"photoautotrophy";"Name";"Genus";"Species";"Strain";"NA2level";"no";"D2V\d+";"D2V\d+|GenomeID";"pickone";"KEGG";"D2V5000"
"caret";"glmnet";"None";"CV";0,8;10;"downSample";0,291666666666667;-0,416666666666667;0,126152088523691;0,510947813857833;0,5;0,988672077655792;1;0,25;0,333333333333333;0,272727272727273;0,307692307692308;0,272727272727273;0,25;0,260869565217391;0,5;0,125;0,458333333333333;0,291666666666667;0,708333333333333;102;50;50;0;100;50;50;0;"FAPROTAX";"photoheterotrophy";"Name";"Genus";"Species";"Strain";"NA2level";"no";"D2V\d+";"D2V\d+|GenomeID";"pickone";"KEGG";"D2V5000"
"caret";"glmnet";"None";"CV";0,8;10;"downSample";0,5;0;0,324269270021321;0,675730729978679;0,5;0,567916879779659;1;0,470588235294118;0,529411764705882;0,5;0,5;0,5;0,470588235294118;0,484848484848485;0,5;0,235294117647059;0,470588235294118;0,5;0,5;138;50;50;0;100;50;50;0;"FAPROTAX";"phototrophy";"Name";"Genus";"Species";"Strain";"NA2level";"no";"D2V\d+";"D2V\d+|GenomeID";"pickone";"KEGG";"D2V5000"
"caret";"glmnet";"None";"CV";0,8;10;"downSample";0,466666666666667;-0,0666666666666667;0,336699136250452;0,600035097415697;0,5;0,740520998405173;0,376759117811582;0,366666666666667;0,566666666666667;0,458333333333333;0,472222222222222;0,458333333333333;0,366666666666667;0,407407407407407;0,5;0,183333333333333;0,4;0,466666666666667;0,466666666666667;244;50;50;0;100;50;50;0;"FAPROTAX";"plant_pathogen";"Name";"Genus";"Species";"Strain";"NA2level";"no";"D2V\d+";"D2V\d+|GenomeID";"pickone";"KEGG";"D2V5000"
"caret";"glmnet";"None";"CV";0,8;10;"downSample";0,416666666666667;-0,166666666666667;0,15165222980843;0,723330314317894;0,5;0,80615234375;0,449691797968891;0,666666666666667;0,166666666666667;0,444444444444444;0,333333333333333;0,444444444444444;0,666666666666667;0,533333333333333;0,5;0,333333333333333;0,75;0,416666666666667;0,416666666666667;48;50;50;0;100;50;50;0;"FAPROTAX";"plastic_degradation";"Name";"Genus";"Species";"Strain";"NA2level";"no";"D2V\d+";"D2V\d+|GenomeID";"pickone";"KEGG";"D2V5000"
"caret";"glmnet";"None";"CV";0,8;10;"downSample";0,166666666666667;-0,666666666666667;0,00421074451448947;0,641234578997675;0,5;0,984375;1;0,333333333333333;0;0,25;0;0,25;0,333333333333333;0,285714285714286;0,5;0,166666666666667;0,666666666666667;0,166666666666667;0,833333333333333;32;50;50;0;100;50;50;0;"FAPROTAX";"reductive_acetogenesis";"Name";"Genus";"Species";"Strain";"NA2level";"no";"D2V\d+";"D2V\d+|GenomeID";"pickone";"KEGG";"D2V5000"
"caret";"glmnet";"None";"CV";0,8;10;"downSample";0,464285714285714;-0,0714285714285714;0,275108560296596;0,6613009238854;0,5;0,714205905795097;1;0,5;0,428571428571429;0,466666666666667;0,461538461538462;0,466666666666667;0,5;0,482758620689655;0,5;0,25;0,535714285714286;0,464285714285714;0,535714285714286;116;50;50;0;100;50;50;0;"FAPROTAX";"respiration_of_sulfur_compounds";"Name";"Genus";"Species";"Strain";"NA2level";"no";"D2V\d+";"D2V\d+|GenomeID";"pickone";"KEGG";"D2V5000"
"caret";"glmnet";"None";"CV";0,8;10;"downSample";0,375;-0,25;0,0852334141372536;0,755136783633448;0,5;0,85546875;1;0,25;0,5;0,333333333333333;0,4;0,333333333333333;0,25;0,285714285714286;0,5;0,125;0,375;0,375;0,625;34;50;50;0;100;50;50;0;"FAPROTAX";"sulfate_respiration";"Name";"Genus";"Species";"Strain";"NA2level";"no";"D2V\d+";"D2V\d+|GenomeID";"pickone";"KEGG";"D2V5000"
"caret";"glmnet";"None";"CV";0,8;10;"downSample";0,625;0,25;0,244863216366552;0,914766585862746;0,5;0,36328125;1;0,75;0,5;0,6;0,666666666666667;0,6;0,75;0,666666666666667;0,5;0,375;0,625;0,625;0,625;40;50;50;0;100;50;50;0;"FAPROTAX";"sulfite_respiration";"Name";"Genus";"Species";"Strain";"NA2level";"no";"D2V\d+";"D2V\d+|GenomeID";"pickone";"KEGG";"D2V5000"
"caret";"glmnet";"None";"CV";0,8;10;"downSample";0,5;0;0,230360541448062;0,769639458551938;0,5;0,604736328125;1;0,428571428571429;0,571428571428571;0,5;0,5;0,5;0,428571428571429;0,461538461538462;0,5;0,214285714285714;0,428571428571429;0,5;0,5;60;50;50;0;100;50;50;0;"FAPROTAX";"sulfur_respiration";"Name";"Genus";"Species";"Strain";"NA2level";"no";"D2V\d+";"D2V\d+|GenomeID";"pickone";"KEGG";"D2V5000"
"caret";"glmnet";"None";"CV";0,8;10;"downSample";0,666666666666667;0,333333333333333;0,348875506418814;0,900753908850417;0,5;0,19384765625;0,617075077451974;0,5;0,833333333333333;0,75;0,625;0,75;0,5;0,6;0,5;0,25;0,333333333333333;0,666666666666667;0,666666666666667;48;50;50;0;100;50;50;0;"FAPROTAX";"thiosulfate_respiration";"Name";"Genus";"Species";"Strain";"NA2level";"no";"D2V\d+";"D2V\d+|GenomeID";"pickone";"KEGG";"D2V5000"
"caret";"glmnet";"None";"CV";0,8;10;"downSample";0,526785714285714;0,0535714285714286;0,430233688648784;0,621886403543545;0,5;0,318399885807117;1;0,517857142857143;0,535714285714286;0,527272727272727;0,526315789473684;0,527272727272727;0,517857142857143;0,522522522522523;0,5;0,258928571428571;0,491071428571429;0,526785714285714;0,526785714285714;456;50;50;0;100;50;50;0;"FAPROTAX";"ureolysis";"Name";"Genus";"Species";"Strain";"NA2level";"no";"D2V\d+";"D2V\d+|GenomeID";"pickone";"KEGG";"D2V5000"
"caret";"glmnet";"None";"CV";0,8;10;"downSample";0,388888888888889;-0,222222222222222;0,231424401662143;0,565361952551575;0,5;0,933750918018632;0,522431284961564;0,5;0,277777777777778;0,409090909090909;0,357142857142857;0,409090909090909;0,5;0,45;0,5;0,25;0,611111111111111;0,388888888888889;0,611111111111111;150;50;50;0;100;50;50;0;"FAPROTAX";"xylanolysis";"Name";"Genus";"Species";"Strain";"NA2level";"no";"D2V\d+";"D2V\d+|GenomeID";"pickone";"KEGG";"D2V5000"
