assembly_accession	taxid	species_taxid	ftp_path
GCF_003003035.1	989	989	ftp://ftp.ncbi.nlm.nih.gov/genomes/all/GCF/003/003/035/GCF_003003035.1_ASM300303v1
GCF_003337725.1	989	989	ftp://ftp.ncbi.nlm.nih.gov/genomes/all/GCF/003/337/725/GCF_003337725.1_ASM333772v1
GCF_000741645.1	1693	1693	ftp://ftp.ncbi.nlm.nih.gov/genomes/all/GCF/000/741/645/GCF_000741645.1_Bifmin
GCF_001757485.1	2754	2754	ftp://ftp.ncbi.nlm.nih.gov/genomes/all/GCF/001/757/485/GCF_001757485.1_ASM175748v1
GCF_001757415.1	2754	2754	ftp://ftp.ncbi.nlm.nih.gov/genomes/all/GCF/001/757/415/GCF_001757415.1_ASM175741v1
GCF_001757495.1	2754	2754	ftp://ftp.ncbi.nlm.nih.gov/genomes/all/GCF/001/757/495/GCF_001757495.1_ASM175749v1
GCF_001757565.1	2754	2754	ftp://ftp.ncbi.nlm.nih.gov/genomes/all/GCF/001/757/565/GCF_001757565.1_ASM175756v1
GCF_000712295.1	2754	2754	ftp://ftp.ncbi.nlm.nih.gov/genomes/all/GCF/000/712/295/GCF_000712295.1_sjonesii4.0
GCF_001757465.1	2754	2754	ftp://ftp.ncbi.nlm.nih.gov/genomes/all/GCF/001/757/465/GCF_001757465.1_ASM175746v1
GCF_003095075.1	28025	28025	ftp://ftp.ncbi.nlm.nih.gov/genomes/all/GCF/003/095/075/GCF_003095075.1_ASM309507v1
GCF_019126655.1	28025	28025	ftp://ftp.ncbi.nlm.nih.gov/genomes/all/GCF/019/126/655/GCF_019126655.1_ASM1912665v1
GCF_900157135.1	28025	28025	ftp://ftp.ncbi.nlm.nih.gov/genomes/all/GCF/900/157/135/GCF_900157135.1_Bifido_11_v1
GCF_000695895.1	28025	28025	ftp://ftp.ncbi.nlm.nih.gov/genomes/all/GCF/000/695/895/GCF_000695895.1_ASM69589v1
GCF_004135895.1	28025	28025	ftp://ftp.ncbi.nlm.nih.gov/genomes/all/GCF/004/135/895/GCF_004135895.1_ASM413589v1
GCF_003095055.1	28025	28025	ftp://ftp.ncbi.nlm.nih.gov/genomes/all/GCF/003/095/055/GCF_003095055.1_ASM309505v1
GCF_019052295.1	28025	28025	ftp://ftp.ncbi.nlm.nih.gov/genomes/all/GCF/019/052/295/GCF_019052295.1_ASM1905229v1
GCF_002220485.1	28025	28025	ftp://ftp.ncbi.nlm.nih.gov/genomes/all/GCF/002/220/485/GCF_002220485.1_ASM222048v1
GCF_003094895.1	28025	28025	ftp://ftp.ncbi.nlm.nih.gov/genomes/all/GCF/003/094/895/GCF_003094895.1_ASM309489v1
GCF_006538285.1	28025	28025	ftp://ftp.ncbi.nlm.nih.gov/genomes/all/GCF/006/538/285/GCF_006538285.1_ASM653828v1
GCF_009077835.1	28025	28025	ftp://ftp.ncbi.nlm.nih.gov/genomes/all/GCF/009/077/835/GCF_009077835.1_ASM907783v1
GCF_019126705.1	28025	28025	ftp://ftp.ncbi.nlm.nih.gov/genomes/all/GCF/019/126/705/GCF_019126705.1_ASM1912670v1
GCF_902387355.1	28025	28025	ftp://ftp.ncbi.nlm.nih.gov/genomes/all/GCF/902/387/355/GCF_902387355.1_UHGG_MGYG-HGUT-02459
GCF_016696725.1	28025	28025	ftp://ftp.ncbi.nlm.nih.gov/genomes/all/GCF/016/696/725/GCF_016696725.1_ASM1669672v1
GCF_019126555.1	28025	28025	ftp://ftp.ncbi.nlm.nih.gov/genomes/all/GCF/019/126/555/GCF_019126555.1_ASM1912655v1
GCF_910574665.1	28025	28025	ftp://ftp.ncbi.nlm.nih.gov/genomes/all/GCF/910/574/665/GCF_910574665.1_MGBC000087
GCF_019126675.1	28025	28025	ftp://ftp.ncbi.nlm.nih.gov/genomes/all/GCF/019/126/675/GCF_019126675.1_ASM1912667v1
GCF_006538265.1	28025	28025	ftp://ftp.ncbi.nlm.nih.gov/genomes/all/GCF/006/538/265/GCF_006538265.1_ASM653826v1
GCF_003438945.1	28025	28025	ftp://ftp.ncbi.nlm.nih.gov/genomes/all/GCF/003/438/945/GCF_003438945.1_ASM343894v1
GCF_003438565.1	28025	28025	ftp://ftp.ncbi.nlm.nih.gov/genomes/all/GCF/003/438/565/GCF_003438565.1_ASM343856v1
GCF_015552635.1	28025	28025	ftp://ftp.ncbi.nlm.nih.gov/genomes/all/GCF/015/552/635/GCF_015552635.1_ASM1555263v1
GCF_009075805.1	28025	28025	ftp://ftp.ncbi.nlm.nih.gov/genomes/all/GCF/009/075/805/GCF_009075805.1_ASM907580v1
GCF_003095115.1	28025	28025	ftp://ftp.ncbi.nlm.nih.gov/genomes/all/GCF/003/095/115/GCF_003095115.1_ASM309511v1
GCF_900157045.1	28025	28025	ftp://ftp.ncbi.nlm.nih.gov/genomes/all/GCF/900/157/045/GCF_900157045.1_Bifido_08_v1
GCF_015377505.1	28025	28025	ftp://ftp.ncbi.nlm.nih.gov/genomes/all/GCF/015/377/505/GCF_015377505.1_ASM1537750v1
GCF_000817045.1	28025	28025	ftp://ftp.ncbi.nlm.nih.gov/genomes/all/GCF/000/817/045/GCF_000817045.1_ASM81704v1
GCF_004167905.1	28025	28025	ftp://ftp.ncbi.nlm.nih.gov/genomes/all/GCF/004/167/905/GCF_004167905.1_ASM416790v1
GCF_003094875.1	28025	28025	ftp://ftp.ncbi.nlm.nih.gov/genomes/all/GCF/003/094/875/GCF_003094875.1_ASM309487v1
GCF_006538245.1	28025	28025	ftp://ftp.ncbi.nlm.nih.gov/genomes/all/GCF/006/538/245/GCF_006538245.1_ASM653824v1
GCF_008041995.1	28025	28025	ftp://ftp.ncbi.nlm.nih.gov/genomes/all/GCF/008/041/995/GCF_008041995.1_ASM804199v1
GCF_009075825.1	28025	28025	ftp://ftp.ncbi.nlm.nih.gov/genomes/all/GCF/009/075/825/GCF_009075825.1_ASM907582v1
GCF_005844245.1	28025	28025	ftp://ftp.ncbi.nlm.nih.gov/genomes/all/GCF/005/844/245/GCF_005844245.1_ASM584424v1
GCF_019052305.1	28025	28025	ftp://ftp.ncbi.nlm.nih.gov/genomes/all/GCF/019/052/305/GCF_019052305.1_ASM1905230v1
GCF_011770105.1	28025	28025	ftp://ftp.ncbi.nlm.nih.gov/genomes/all/GCF/011/770/105/GCF_011770105.1_ASM1177010v1
GCF_019052265.1	28025	28025	ftp://ftp.ncbi.nlm.nih.gov/genomes/all/GCF/019/052/265/GCF_019052265.1_ASM1905226v1
GCF_008868665.1	43768	43768	ftp://ftp.ncbi.nlm.nih.gov/genomes/all/GCF/008/868/665/GCF_008868665.1_ASM886866v1
GCF_011612265.2	43768	43768	ftp://ftp.ncbi.nlm.nih.gov/genomes/all/GCF/011/612/265/GCF_011612265.2_ASM1161226v2
GCF_900638255.1	43768	43768	ftp://ftp.ncbi.nlm.nih.gov/genomes/all/GCF/900/638/255/GCF_900638255.1_56931_E02
GCF_900447555.1	43768	43768	ftp://ftp.ncbi.nlm.nih.gov/genomes/all/GCF/900/447/555/GCF_900447555.1_51470_A02
GCF_900187235.1	43771	43771	ftp://ftp.ncbi.nlm.nih.gov/genomes/all/GCF/900/187/235/GCF_900187235.1_52184_D01
GCF_016127975.1	43771	43771	ftp://ftp.ncbi.nlm.nih.gov/genomes/all/GCF/016/127/975/GCF_016127975.1_ASM1612797v1
GCF_008180065.1	43771	43771	ftp://ftp.ncbi.nlm.nih.gov/genomes/all/GCF/008/180/065/GCF_008180065.1_ASM818006v1
GCF_016127095.1	43771	43771	ftp://ftp.ncbi.nlm.nih.gov/genomes/all/GCF/016/127/095/GCF_016127095.1_ASM1612709v1
GCF_001053765.1	43771	43771	ftp://ftp.ncbi.nlm.nih.gov/genomes/all/GCF/001/053/765/GCF_001053765.1_ASM105376v1
GCF_016403265.1	43771	43771	ftp://ftp.ncbi.nlm.nih.gov/genomes/all/GCF/016/403/265/GCF_016403265.1_ASM1640326v1
GCF_008180085.1	43771	43771	ftp://ftp.ncbi.nlm.nih.gov/genomes/all/GCF/008/180/085/GCF_008180085.1_ASM818008v1
GCF_008180045.1	43771	43771	ftp://ftp.ncbi.nlm.nih.gov/genomes/all/GCF/008/180/045/GCF_008180045.1_ASM818004v1
GCF_008244525.1	43771	43771	ftp://ftp.ncbi.nlm.nih.gov/genomes/all/GCF/008/244/525/GCF_008244525.1_ASM824452v1
GCF_018289315.1	46503	46503	ftp://ftp.ncbi.nlm.nih.gov/genomes/all/GCF/018/289/315/GCF_018289315.1_ASM1828931v1
GCF_009719915.1	46503	46503	ftp://ftp.ncbi.nlm.nih.gov/genomes/all/GCF/009/719/915/GCF_009719915.1_ASM971991v1
GCF_003474345.1	46503	46503	ftp://ftp.ncbi.nlm.nih.gov/genomes/all/GCF/003/474/345/GCF_003474345.1_ASM347434v1
GCF_009719555.1	46503	46503	ftp://ftp.ncbi.nlm.nih.gov/genomes/all/GCF/009/719/555/GCF_009719555.1_ASM971955v1
GCF_015555255.1	46503	46503	ftp://ftp.ncbi.nlm.nih.gov/genomes/all/GCF/015/555/255/GCF_015555255.1_ASM1555525v1
GCF_015553045.1	46503	46503	ftp://ftp.ncbi.nlm.nih.gov/genomes/all/GCF/015/553/045/GCF_015553045.1_ASM1555304v1
GCF_001404575.1	46503	46503	ftp://ftp.ncbi.nlm.nih.gov/genomes/all/GCF/001/404/575/GCF_001404575.1_13470_2_67
GCF_015558865.1	46503	46503	ftp://ftp.ncbi.nlm.nih.gov/genomes/all/GCF/015/558/865/GCF_015558865.1_ASM1555886v1
GCF_003469635.1	46503	46503	ftp://ftp.ncbi.nlm.nih.gov/genomes/all/GCF/003/469/635/GCF_003469635.1_ASM346963v1
GCF_009719945.1	46503	46503	ftp://ftp.ncbi.nlm.nih.gov/genomes/all/GCF/009/719/945/GCF_009719945.1_ASM971994v1
GCF_009719635.1	46503	46503	ftp://ftp.ncbi.nlm.nih.gov/genomes/all/GCF/009/719/635/GCF_009719635.1_ASM971963v1
GCF_015556685.1	46503	46503	ftp://ftp.ncbi.nlm.nih.gov/genomes/all/GCF/015/556/685/GCF_015556685.1_ASM1555668v1
GCF_009719865.1	46503	46503	ftp://ftp.ncbi.nlm.nih.gov/genomes/all/GCF/009/719/865/GCF_009719865.1_ASM971986v1
GCF_009719685.1	46503	46503	ftp://ftp.ncbi.nlm.nih.gov/genomes/all/GCF/009/719/685/GCF_009719685.1_ASM971968v1
GCF_015670365.1	46503	46503	ftp://ftp.ncbi.nlm.nih.gov/genomes/all/GCF/015/670/365/GCF_015670365.1_ASM1567036v1
GCF_005844535.1	46503	46503	ftp://ftp.ncbi.nlm.nih.gov/genomes/all/GCF/005/844/535/GCF_005844535.1_ASM584453v1
GCF_009719605.1	46503	46503	ftp://ftp.ncbi.nlm.nih.gov/genomes/all/GCF/009/719/605/GCF_009719605.1_ASM971960v1
GCF_003475825.1	46503	46503	ftp://ftp.ncbi.nlm.nih.gov/genomes/all/GCF/003/475/825/GCF_003475825.1_ASM347582v1
GCF_015548105.1	46503	46503	ftp://ftp.ncbi.nlm.nih.gov/genomes/all/GCF/015/548/105/GCF_015548105.1_ASM1554810v1
GCF_009719585.1	46503	46503	ftp://ftp.ncbi.nlm.nih.gov/genomes/all/GCF/009/719/585/GCF_009719585.1_ASM971958v1
GCF_003458945.1	46503	46503	ftp://ftp.ncbi.nlm.nih.gov/genomes/all/GCF/003/458/945/GCF_003458945.1_ASM345894v1
GCF_009719625.1	46503	46503	ftp://ftp.ncbi.nlm.nih.gov/genomes/all/GCF/009/719/625/GCF_009719625.1_ASM971962v1
GCF_902362625.1	46503	46503	ftp://ftp.ncbi.nlm.nih.gov/genomes/all/GCF/902/362/625/GCF_902362625.1_MGYG-HGUT-00044
GCF_009719875.1	46503	46503	ftp://ftp.ncbi.nlm.nih.gov/genomes/all/GCF/009/719/875/GCF_009719875.1_ASM971987v1
GCF_009719905.1	46503	46503	ftp://ftp.ncbi.nlm.nih.gov/genomes/all/GCF/009/719/905/GCF_009719905.1_ASM971990v1
GCF_015547825.1	46503	46503	ftp://ftp.ncbi.nlm.nih.gov/genomes/all/GCF/015/547/825/GCF_015547825.1_ASM1554782v1
GCF_900445495.1	46503	46503	ftp://ftp.ncbi.nlm.nih.gov/genomes/all/GCF/900/445/495/GCF_900445495.1_52683_B04
GCF_015551905.1	46503	46503	ftp://ftp.ncbi.nlm.nih.gov/genomes/all/GCF/015/551/905/GCF_015551905.1_ASM1555190v1
GCF_009719965.1	46503	46503	ftp://ftp.ncbi.nlm.nih.gov/genomes/all/GCF/009/719/965/GCF_009719965.1_ASM971996v1
GCF_003475305.1	46503	46503	ftp://ftp.ncbi.nlm.nih.gov/genomes/all/GCF/003/475/305/GCF_003475305.1_ASM347530v1
GCF_003475265.1	46503	46503	ftp://ftp.ncbi.nlm.nih.gov/genomes/all/GCF/003/475/265/GCF_003475265.1_ASM347526v1
GCF_015552245.1	46503	46503	ftp://ftp.ncbi.nlm.nih.gov/genomes/all/GCF/015/552/245/GCF_015552245.1_ASM1555224v1
GCF_015668095.1	46503	46503	ftp://ftp.ncbi.nlm.nih.gov/genomes/all/GCF/015/668/095/GCF_015668095.1_ASM1566809v1
GCF_009719725.1	46503	46503	ftp://ftp.ncbi.nlm.nih.gov/genomes/all/GCF/009/719/725/GCF_009719725.1_ASM971972v1
GCF_009719805.1	46503	46503	ftp://ftp.ncbi.nlm.nih.gov/genomes/all/GCF/009/719/805/GCF_009719805.1_ASM971980v1
GCF_015554975.1	46503	46503	ftp://ftp.ncbi.nlm.nih.gov/genomes/all/GCF/015/554/975/GCF_015554975.1_ASM1555497v1
GCF_015558445.1	46503	46503	ftp://ftp.ncbi.nlm.nih.gov/genomes/all/GCF/015/558/445/GCF_015558445.1_ASM1555844v1
GCF_015554045.1	46503	46503	ftp://ftp.ncbi.nlm.nih.gov/genomes/all/GCF/015/554/045/GCF_015554045.1_ASM1555404v1
GCF_009719705.1	46503	46503	ftp://ftp.ncbi.nlm.nih.gov/genomes/all/GCF/009/719/705/GCF_009719705.1_ASM971970v1
GCF_015547975.1	46503	46503	ftp://ftp.ncbi.nlm.nih.gov/genomes/all/GCF/015/547/975/GCF_015547975.1_ASM1554797v1
GCF_004166975.1	46503	46503	ftp://ftp.ncbi.nlm.nih.gov/genomes/all/GCF/004/166/975/GCF_004166975.1_ASM416697v1
GCF_019042155.1	46503	46503	ftp://ftp.ncbi.nlm.nih.gov/genomes/all/GCF/019/042/155/GCF_019042155.1_NA
GCF_003459525.1	46503	46503	ftp://ftp.ncbi.nlm.nih.gov/genomes/all/GCF/003/459/525/GCF_003459525.1_ASM345952v1
GCF_009719515.1	46503	46503	ftp://ftp.ncbi.nlm.nih.gov/genomes/all/GCF/009/719/515/GCF_009719515.1_ASM971951v1
GCF_009719815.1	46503	46503	ftp://ftp.ncbi.nlm.nih.gov/genomes/all/GCF/009/719/815/GCF_009719815.1_ASM971981v1
GCF_009719765.1	46503	46503	ftp://ftp.ncbi.nlm.nih.gov/genomes/all/GCF/009/719/765/GCF_009719765.1_ASM971976v1
GCF_009719785.1	46503	46503	ftp://ftp.ncbi.nlm.nih.gov/genomes/all/GCF/009/719/785/GCF_009719785.1_ASM971978v1
GCF_003439005.1	46503	46503	ftp://ftp.ncbi.nlm.nih.gov/genomes/all/GCF/003/439/005/GCF_003439005.1_ASM343900v1
GCF_009720005.1	46503	46503	ftp://ftp.ncbi.nlm.nih.gov/genomes/all/GCF/009/720/005/GCF_009720005.1_ASM972000v1
GCF_009719975.1	46503	46503	ftp://ftp.ncbi.nlm.nih.gov/genomes/all/GCF/009/719/975/GCF_009719975.1_ASM971997v1
GCF_003469115.1	46503	46503	ftp://ftp.ncbi.nlm.nih.gov/genomes/all/GCF/003/469/115/GCF_003469115.1_ASM346911v1
GCF_003470675.1	46503	46503	ftp://ftp.ncbi.nlm.nih.gov/genomes/all/GCF/003/470/675/GCF_003470675.1_ASM347067v1
GCF_009720045.1	46503	46503	ftp://ftp.ncbi.nlm.nih.gov/genomes/all/GCF/009/720/045/GCF_009720045.1_ASM972004v1
GCF_018784105.1	46503	46503	ftp://ftp.ncbi.nlm.nih.gov/genomes/all/GCF/018/784/105/GCF_018784105.1_ASM1878410v1
GCF_009719645.1	46503	46503	ftp://ftp.ncbi.nlm.nih.gov/genomes/all/GCF/009/719/645/GCF_009719645.1_ASM971964v1
GCF_003438825.1	46503	46503	ftp://ftp.ncbi.nlm.nih.gov/genomes/all/GCF/003/438/825/GCF_003438825.1_ASM343882v1
GCF_009720015.1	46503	46503	ftp://ftp.ncbi.nlm.nih.gov/genomes/all/GCF/009/720/015/GCF_009720015.1_ASM972001v1
GCF_009677855.1	46503	46503	ftp://ftp.ncbi.nlm.nih.gov/genomes/all/GCF/009/677/855/GCF_009677855.1_ASM967785v1
GCF_009719715.1	46503	46503	ftp://ftp.ncbi.nlm.nih.gov/genomes/all/GCF/009/719/715/GCF_009719715.1_ASM971971v1
GCF_015557205.1	46506	46506	ftp://ftp.ncbi.nlm.nih.gov/genomes/all/GCF/015/557/205/GCF_015557205.1_ASM1555720v1
GCF_009025175.1	46506	46506	ftp://ftp.ncbi.nlm.nih.gov/genomes/all/GCF/009/025/175/GCF_009025175.1_ASM902517v1
GCF_015558045.1	46506	46506	ftp://ftp.ncbi.nlm.nih.gov/genomes/all/GCF/015/558/045/GCF_015558045.1_ASM1555804v1
GCF_009024915.1	46506	46506	ftp://ftp.ncbi.nlm.nih.gov/genomes/all/GCF/009/024/915/GCF_009024915.1_ASM902491v1
GCF_003460185.1	46506	46506	ftp://ftp.ncbi.nlm.nih.gov/genomes/all/GCF/003/460/185/GCF_003460185.1_ASM346018v1
GCF_003474945.1	46506	46506	ftp://ftp.ncbi.nlm.nih.gov/genomes/all/GCF/003/474/945/GCF_003474945.1_ASM347494v1
GCF_003474995.1	46506	46506	ftp://ftp.ncbi.nlm.nih.gov/genomes/all/GCF/003/474/995/GCF_003474995.1_ASM347499v1
GCF_009025135.1	46506	46506	ftp://ftp.ncbi.nlm.nih.gov/genomes/all/GCF/009/025/135/GCF_009025135.1_ASM902513v1
GCF_003464965.1	46506	46506	ftp://ftp.ncbi.nlm.nih.gov/genomes/all/GCF/003/464/965/GCF_003464965.1_ASM346496v1
GCF_902364555.1	46506	46506	ftp://ftp.ncbi.nlm.nih.gov/genomes/all/GCF/902/364/555/GCF_902364555.1_MGYG-HGUT-00224
GCF_009025105.1	46506	46506	ftp://ftp.ncbi.nlm.nih.gov/genomes/all/GCF/009/025/105/GCF_009025105.1_ASM902510v1
GCF_015551965.1	46506	46506	ftp://ftp.ncbi.nlm.nih.gov/genomes/all/GCF/015/551/965/GCF_015551965.1_ASM1555196v1
GCF_019129175.1	46506	46506	ftp://ftp.ncbi.nlm.nih.gov/genomes/all/GCF/019/129/175/GCF_019129175.1_ASM1912917v1
GCF_003438025.1	46506	46506	ftp://ftp.ncbi.nlm.nih.gov/genomes/all/GCF/003/438/025/GCF_003438025.1_ASM343802v1
GCF_009025185.1	46506	46506	ftp://ftp.ncbi.nlm.nih.gov/genomes/all/GCF/009/025/185/GCF_009025185.1_ASM902518v1
GCF_902399825.1	46506	46506	ftp://ftp.ncbi.nlm.nih.gov/genomes/all/GCF/902/399/825/GCF_902399825.1_UHGG_MGYG-HGUT-03681
GCF_009025065.1	46506	46506	ftp://ftp.ncbi.nlm.nih.gov/genomes/all/GCF/009/025/065/GCF_009025065.1_ASM902506v1
GCF_009025075.1	46506	46506	ftp://ftp.ncbi.nlm.nih.gov/genomes/all/GCF/009/025/075/GCF_009025075.1_ASM902507v1
GCF_019075805.1	46506	46506	ftp://ftp.ncbi.nlm.nih.gov/genomes/all/GCF/019/075/805/GCF_019075805.1_ASM1907580v1
GCF_003475165.1	46506	46506	ftp://ftp.ncbi.nlm.nih.gov/genomes/all/GCF/003/475/165/GCF_003475165.1_ASM347516v1
GCF_003458365.1	46506	46506	ftp://ftp.ncbi.nlm.nih.gov/genomes/all/GCF/003/458/365/GCF_003458365.1_ASM345836v1
GCF_003458395.1	46506	46506	ftp://ftp.ncbi.nlm.nih.gov/genomes/all/GCF/003/458/395/GCF_003458395.1_ASM345839v1
GCF_009024865.1	46506	46506	ftp://ftp.ncbi.nlm.nih.gov/genomes/all/GCF/009/024/865/GCF_009024865.1_ASM902486v1
GCF_009024805.1	46506	46506	ftp://ftp.ncbi.nlm.nih.gov/genomes/all/GCF/009/024/805/GCF_009024805.1_ASM902480v1
GCF_015561065.1	46506	46506	ftp://ftp.ncbi.nlm.nih.gov/genomes/all/GCF/015/561/065/GCF_015561065.1_ASM1556106v1
GCF_003468685.1	46506	46506	ftp://ftp.ncbi.nlm.nih.gov/genomes/all/GCF/003/468/685/GCF_003468685.1_ASM346868v1
GCF_019128945.1	46506	46506	ftp://ftp.ncbi.nlm.nih.gov/genomes/all/GCF/019/128/945/GCF_019128945.1_ASM1912894v1
GCF_009024895.1	46506	46506	ftp://ftp.ncbi.nlm.nih.gov/genomes/all/GCF/009/024/895/GCF_009024895.1_ASM902489v1
GCF_019127635.1	46506	46506	ftp://ftp.ncbi.nlm.nih.gov/genomes/all/GCF/019/127/635/GCF_019127635.1_ASM1912763v1
GCF_003470305.1	46506	46506	ftp://ftp.ncbi.nlm.nih.gov/genomes/all/GCF/003/470/305/GCF_003470305.1_ASM347030v1
GCF_009024775.1	46506	46506	ftp://ftp.ncbi.nlm.nih.gov/genomes/all/GCF/009/024/775/GCF_009024775.1_ASM902477v1
GCF_003438545.1	46506	46506	ftp://ftp.ncbi.nlm.nih.gov/genomes/all/GCF/003/438/545/GCF_003438545.1_ASM343854v1
GCF_009024785.1	46506	46506	ftp://ftp.ncbi.nlm.nih.gov/genomes/all/GCF/009/024/785/GCF_009024785.1_ASM902478v1
GCF_009024815.1	46506	46506	ftp://ftp.ncbi.nlm.nih.gov/genomes/all/GCF/009/024/815/GCF_009024815.1_ASM902481v1
GCF_009025145.1	46506	46506	ftp://ftp.ncbi.nlm.nih.gov/genomes/all/GCF/009/025/145/GCF_009025145.1_ASM902514v1
GCF_001535605.1	46506	46506	ftp://ftp.ncbi.nlm.nih.gov/genomes/all/GCF/001/535/605/GCF_001535605.1_ASM153560v1
GCF_004167795.1	46506	46506	ftp://ftp.ncbi.nlm.nih.gov/genomes/all/GCF/004/167/795/GCF_004167795.1_ASM416779v1
GCF_003470005.1	46506	46506	ftp://ftp.ncbi.nlm.nih.gov/genomes/all/GCF/003/470/005/GCF_003470005.1_ASM347000v1
GCF_009024935.1	46506	46506	ftp://ftp.ncbi.nlm.nih.gov/genomes/all/GCF/009/024/935/GCF_009024935.1_ASM902493v1
GCF_009024945.1	46506	46506	ftp://ftp.ncbi.nlm.nih.gov/genomes/all/GCF/009/024/945/GCF_009024945.1_ASM902494v1
GCF_009025025.1	46506	46506	ftp://ftp.ncbi.nlm.nih.gov/genomes/all/GCF/009/025/025/GCF_009025025.1_ASM902502v1
GCF_009024985.1	46506	46506	ftp://ftp.ncbi.nlm.nih.gov/genomes/all/GCF/009/024/985/GCF_009024985.1_ASM902498v1
GCF_019129755.1	46506	46506	ftp://ftp.ncbi.nlm.nih.gov/genomes/all/GCF/019/129/755/GCF_019129755.1_ASM1912975v1
GCF_003458275.1	46506	46506	ftp://ftp.ncbi.nlm.nih.gov/genomes/all/GCF/003/458/275/GCF_003458275.1_ASM345827v1
GCF_003468175.1	46506	46506	ftp://ftp.ncbi.nlm.nih.gov/genomes/all/GCF/003/468/175/GCF_003468175.1_ASM346817v1
GCF_003462745.1	46506	46506	ftp://ftp.ncbi.nlm.nih.gov/genomes/all/GCF/003/462/745/GCF_003462745.1_ASM346274v1
GCF_019127955.1	46506	46506	ftp://ftp.ncbi.nlm.nih.gov/genomes/all/GCF/019/127/955/GCF_019127955.1_ASM1912795v1
GCF_003469855.1	46506	46506	ftp://ftp.ncbi.nlm.nih.gov/genomes/all/GCF/003/469/855/GCF_003469855.1_ASM346985v1
GCF_009024855.1	46506	46506	ftp://ftp.ncbi.nlm.nih.gov/genomes/all/GCF/009/024/855/GCF_009024855.1_ASM902485v1
GCF_900106605.1	46506	46506	ftp://ftp.ncbi.nlm.nih.gov/genomes/all/GCF/900/106/605/GCF_900106605.1_IMG-taxon_2693429855_annotated_assembly
GCF_009024975.1	46506	46506	ftp://ftp.ncbi.nlm.nih.gov/genomes/all/GCF/009/024/975/GCF_009024975.1_ASM902497v1
GCF_003465625.1	46506	46506	ftp://ftp.ncbi.nlm.nih.gov/genomes/all/GCF/003/465/625/GCF_003465625.1_ASM346562v1
GCF_003468355.1	46506	46506	ftp://ftp.ncbi.nlm.nih.gov/genomes/all/GCF/003/468/355/GCF_003468355.1_ASM346835v1
GCF_015560345.1	46506	46506	ftp://ftp.ncbi.nlm.nih.gov/genomes/all/GCF/015/560/345/GCF_015560345.1_ASM1556034v1
GCF_009025035.1	46506	46506	ftp://ftp.ncbi.nlm.nih.gov/genomes/all/GCF/009/025/035/GCF_009025035.1_ASM902503v1
GCF_008572595.1	47678	47678	ftp://ftp.ncbi.nlm.nih.gov/genomes/all/GCF/008/572/595/GCF_008572595.1_ASM857259v1
GCF_015560485.1	47678	47678	ftp://ftp.ncbi.nlm.nih.gov/genomes/all/GCF/015/560/485/GCF_015560485.1_ASM1556048v1
GCF_008572355.1	47678	47678	ftp://ftp.ncbi.nlm.nih.gov/genomes/all/GCF/008/572/355/GCF_008572355.1_ASM857235v1
GCF_015560545.1	47678	47678	ftp://ftp.ncbi.nlm.nih.gov/genomes/all/GCF/015/560/545/GCF_015560545.1_ASM1556054v1
GCF_001405515.1	47678	47678	ftp://ftp.ncbi.nlm.nih.gov/genomes/all/GCF/001/405/515/GCF_001405515.1_14207_7_69
GCF_008572505.1	47678	47678	ftp://ftp.ncbi.nlm.nih.gov/genomes/all/GCF/008/572/505/GCF_008572505.1_ASM857250v1
GCF_003459065.1	47678	47678	ftp://ftp.ncbi.nlm.nih.gov/genomes/all/GCF/003/459/065/GCF_003459065.1_ASM345906v1
GCF_008572645.1	47678	47678	ftp://ftp.ncbi.nlm.nih.gov/genomes/all/GCF/008/572/645/GCF_008572645.1_ASM857264v1
GCF_008572305.1	47678	47678	ftp://ftp.ncbi.nlm.nih.gov/genomes/all/GCF/008/572/305/GCF_008572305.1_ASM857230v1
GCF_019132375.1	47678	47678	ftp://ftp.ncbi.nlm.nih.gov/genomes/all/GCF/019/132/375/GCF_019132375.1_ASM1913237v1
GCF_015549255.1	47678	47678	ftp://ftp.ncbi.nlm.nih.gov/genomes/all/GCF/015/549/255/GCF_015549255.1_ASM1554925v1
GCF_016889745.1	47678	47678	ftp://ftp.ncbi.nlm.nih.gov/genomes/all/GCF/016/889/745/GCF_016889745.1_ASM1688974v1
GCF_002959715.1	47678	47678	ftp://ftp.ncbi.nlm.nih.gov/genomes/all/GCF/002/959/715/GCF_002959715.1_ASM295971v1
GCF_008572545.1	47678	47678	ftp://ftp.ncbi.nlm.nih.gov/genomes/all/GCF/008/572/545/GCF_008572545.1_ASM857254v1
GCF_008416155.1	47678	47678	ftp://ftp.ncbi.nlm.nih.gov/genomes/all/GCF/008/416/155/GCF_008416155.1_ASM841615v1
GCF_008572405.1	47678	47678	ftp://ftp.ncbi.nlm.nih.gov/genomes/all/GCF/008/572/405/GCF_008572405.1_ASM857240v1
GCF_019129035.1	47678	47678	ftp://ftp.ncbi.nlm.nih.gov/genomes/all/GCF/019/129/035/GCF_019129035.1_ASM1912903v1
GCF_008572635.1	47678	47678	ftp://ftp.ncbi.nlm.nih.gov/genomes/all/GCF/008/572/635/GCF_008572635.1_ASM857263v1
GCF_003438425.1	47678	47678	ftp://ftp.ncbi.nlm.nih.gov/genomes/all/GCF/003/438/425/GCF_003438425.1_ASM343842v1
GCF_003463115.1	47678	47678	ftp://ftp.ncbi.nlm.nih.gov/genomes/all/GCF/003/463/115/GCF_003463115.1_ASM346311v1
GCF_008572585.1	47678	47678	ftp://ftp.ncbi.nlm.nih.gov/genomes/all/GCF/008/572/585/GCF_008572585.1_ASM857258v1
GCF_019129105.1	47678	47678	ftp://ftp.ncbi.nlm.nih.gov/genomes/all/GCF/019/129/105/GCF_019129105.1_ASM1912910v1
GCF_002222615.2	47678	47678	ftp://ftp.ncbi.nlm.nih.gov/genomes/all/GCF/002/222/615/GCF_002222615.2_ASM222261v2
GCF_008572575.1	47678	47678	ftp://ftp.ncbi.nlm.nih.gov/genomes/all/GCF/008/572/575/GCF_008572575.1_ASM857257v1
GCF_902388185.1	47678	47678	ftp://ftp.ncbi.nlm.nih.gov/genomes/all/GCF/902/388/185/GCF_902388185.1_UHGG_MGYG-HGUT-02549
GCF_019129395.1	47678	47678	ftp://ftp.ncbi.nlm.nih.gov/genomes/all/GCF/019/129/395/GCF_019129395.1_ASM1912939v1
GCF_019128835.1	47678	47678	ftp://ftp.ncbi.nlm.nih.gov/genomes/all/GCF/019/128/835/GCF_019128835.1_ASM1912883v1
GCF_001405955.1	47678	47678	ftp://ftp.ncbi.nlm.nih.gov/genomes/all/GCF/001/405/955/GCF_001405955.1_14207_7_3
GCF_015549345.1	47678	47678	ftp://ftp.ncbi.nlm.nih.gov/genomes/all/GCF/015/549/345/GCF_015549345.1_ASM1554934v1
GCF_015556775.1	47678	47678	ftp://ftp.ncbi.nlm.nih.gov/genomes/all/GCF/015/556/775/GCF_015556775.1_ASM1555677v1
GCF_008416295.1	47678	47678	ftp://ftp.ncbi.nlm.nih.gov/genomes/all/GCF/008/416/295/GCF_008416295.1_ASM841629v1
GCF_008572535.1	47678	47678	ftp://ftp.ncbi.nlm.nih.gov/genomes/all/GCF/008/572/535/GCF_008572535.1_ASM857253v1
GCF_008416235.1	47678	47678	ftp://ftp.ncbi.nlm.nih.gov/genomes/all/GCF/008/416/235/GCF_008416235.1_ASM841623v1
GCF_016726305.1	47678	47678	ftp://ftp.ncbi.nlm.nih.gov/genomes/all/GCF/016/726/305/GCF_016726305.1_ASM1672630v1
GCF_005844255.1	47678	47678	ftp://ftp.ncbi.nlm.nih.gov/genomes/all/GCF/005/844/255/GCF_005844255.1_ASM584425v1
GCF_008572485.1	47678	47678	ftp://ftp.ncbi.nlm.nih.gov/genomes/all/GCF/008/572/485/GCF_008572485.1_ASM857248v1
GCF_019128635.1	47678	47678	ftp://ftp.ncbi.nlm.nih.gov/genomes/all/GCF/019/128/635/GCF_019128635.1_ASM1912863v1
GCF_008572425.1	47678	47678	ftp://ftp.ncbi.nlm.nih.gov/genomes/all/GCF/008/572/425/GCF_008572425.1_ASM857242v1
GCF_008416255.1	47678	47678	ftp://ftp.ncbi.nlm.nih.gov/genomes/all/GCF/008/416/255/GCF_008416255.1_ASM841625v1
GCF_008416185.1	47678	47678	ftp://ftp.ncbi.nlm.nih.gov/genomes/all/GCF/008/416/185/GCF_008416185.1_ASM841618v1
GCF_008416115.1	47678	47678	ftp://ftp.ncbi.nlm.nih.gov/genomes/all/GCF/008/416/115/GCF_008416115.1_ASM841611v1
GCF_008572445.1	47678	47678	ftp://ftp.ncbi.nlm.nih.gov/genomes/all/GCF/008/572/445/GCF_008572445.1_ASM857244v1
GCF_008416105.1	47678	47678	ftp://ftp.ncbi.nlm.nih.gov/genomes/all/GCF/008/416/105/GCF_008416105.1_ASM841610v1
GCF_018786055.1	47678	47678	ftp://ftp.ncbi.nlm.nih.gov/genomes/all/GCF/018/786/055/GCF_018786055.1_ASM1878605v1
GCF_008416195.1	47678	47678	ftp://ftp.ncbi.nlm.nih.gov/genomes/all/GCF/008/416/195/GCF_008416195.1_ASM841619v1
GCF_008416215.1	47678	47678	ftp://ftp.ncbi.nlm.nih.gov/genomes/all/GCF/008/416/215/GCF_008416215.1_ASM841621v1
GCF_008416305.1	47678	47678	ftp://ftp.ncbi.nlm.nih.gov/genomes/all/GCF/008/416/305/GCF_008416305.1_ASM841630v1
GCF_008572665.1	47678	47678	ftp://ftp.ncbi.nlm.nih.gov/genomes/all/GCF/008/572/665/GCF_008572665.1_ASM857266v1
GCF_003470705.1	47678	47678	ftp://ftp.ncbi.nlm.nih.gov/genomes/all/GCF/003/470/705/GCF_003470705.1_ASM347070v1
GCF_003508775.1	47678	47678	ftp://ftp.ncbi.nlm.nih.gov/genomes/all/GCF/003/508/775/GCF_003508775.1_ASM350877v1
GCF_008572685.1	47678	47678	ftp://ftp.ncbi.nlm.nih.gov/genomes/all/GCF/008/572/685/GCF_008572685.1_ASM857268v1
GCF_003463165.1	47678	47678	ftp://ftp.ncbi.nlm.nih.gov/genomes/all/GCF/003/463/165/GCF_003463165.1_ASM346316v1
GCF_003468785.1	47678	47678	ftp://ftp.ncbi.nlm.nih.gov/genomes/all/GCF/003/468/785/GCF_003468785.1_ASM346878v1
GCF_019052575.1	47678	47678	ftp://ftp.ncbi.nlm.nih.gov/genomes/all/GCF/019/052/575/GCF_019052575.1_ASM1905257v1
GCF_015553135.1	47678	47678	ftp://ftp.ncbi.nlm.nih.gov/genomes/all/GCF/015/553/135/GCF_015553135.1_ASM1555313v1
GCF_004167345.1	47678	47678	ftp://ftp.ncbi.nlm.nih.gov/genomes/all/GCF/004/167/345/GCF_004167345.1_ASM416734v1
GCF_003470465.1	47678	47678	ftp://ftp.ncbi.nlm.nih.gov/genomes/all/GCF/003/470/465/GCF_003470465.1_ASM347046v1
GCF_008572465.1	47678	47678	ftp://ftp.ncbi.nlm.nih.gov/genomes/all/GCF/008/572/465/GCF_008572465.1_ASM857246v1
GCF_015546885.1	47678	47678	ftp://ftp.ncbi.nlm.nih.gov/genomes/all/GCF/015/546/885/GCF_015546885.1_ASM1554688v1
GCF_008416075.1	47678	47678	ftp://ftp.ncbi.nlm.nih.gov/genomes/all/GCF/008/416/075/GCF_008416075.1_ASM841607v1
GCF_008572365.1	47678	47678	ftp://ftp.ncbi.nlm.nih.gov/genomes/all/GCF/008/572/365/GCF_008572365.1_ASM857236v1
GCF_015551865.1	47678	47678	ftp://ftp.ncbi.nlm.nih.gov/genomes/all/GCF/015/551/865/GCF_015551865.1_ASM1555186v1
GCF_019129235.1	47678	47678	ftp://ftp.ncbi.nlm.nih.gov/genomes/all/GCF/019/129/235/GCF_019129235.1_ASM1912923v1
GCF_008416065.1	47678	47678	ftp://ftp.ncbi.nlm.nih.gov/genomes/all/GCF/008/416/065/GCF_008416065.1_ASM841606v1
GCF_015557245.1	47678	47678	ftp://ftp.ncbi.nlm.nih.gov/genomes/all/GCF/015/557/245/GCF_015557245.1_ASM1555724v1
GCF_012910805.1	59406	59406	ftp://ftp.ncbi.nlm.nih.gov/genomes/all/GCF/012/910/805/GCF_012910805.1_ASM1291080v1
GCF_013133875.1	74969	74969	ftp://ftp.ncbi.nlm.nih.gov/genomes/all/GCF/013/133/875/GCF_013133875.1_ASM1313387v1
GCF_002078355.1	74969	74969	ftp://ftp.ncbi.nlm.nih.gov/genomes/all/GCF/002/078/355/GCF_002078355.1_ASM207835v1
GCF_014898195.1	77635	77635	ftp://ftp.ncbi.nlm.nih.gov/genomes/all/GCF/014/898/195/GCF_014898195.1_ASM1489819v1
GCF_000741775.1	77635	77635	ftp://ftp.ncbi.nlm.nih.gov/genomes/all/GCF/000/741/775/GCF_000741775.1_Bifsub
GCF_007830175.1	130788	130788	ftp://ftp.ncbi.nlm.nih.gov/genomes/all/GCF/007/830/175/GCF_007830175.1_ASM783017v1
GCF_001021045.1	136857	136857	ftp://ftp.ncbi.nlm.nih.gov/genomes/all/GCF/001/021/045/GCF_001021045.1_ASM102104v1
GCF_900107405.1	159292	159292	ftp://ftp.ncbi.nlm.nih.gov/genomes/all/GCF/900/107/405/GCF_900107405.1_IMG-taxon_2651870111_annotated_assembly
GCF_008271705.1	159743	159743	ftp://ftp.ncbi.nlm.nih.gov/genomes/all/GCF/008/271/705/GCF_008271705.1_ASM827170v1
GCF_005217525.1	159743	159743	ftp://ftp.ncbi.nlm.nih.gov/genomes/all/GCF/005/217/525/GCF_005217525.1_ASM521752v1
GCF_000943545.1	159743	159743	ftp://ftp.ncbi.nlm.nih.gov/genomes/all/GCF/000/943/545/GCF_000943545.1_ASM94354v1
GCF_003994475.1	170367	170367	ftp://ftp.ncbi.nlm.nih.gov/genomes/all/GCF/003/994/475/GCF_003994475.1_ASM399447v1
GCF_001056295.1	225326	225326	ftp://ftp.ncbi.nlm.nih.gov/genomes/all/GCF/001/056/295/GCF_001056295.1_ASM105629v1
GCF_004217095.1	267800	267800	ftp://ftp.ncbi.nlm.nih.gov/genomes/all/GCF/004/217/095/GCF_004217095.1_ASM421709v1
GCF_001551835.1	281362	281362	ftp://ftp.ncbi.nlm.nih.gov/genomes/all/GCF/001/551/835/GCF_001551835.1_ASM155183v1
GCF_014645275.1	349751	349751	ftp://ftp.ncbi.nlm.nih.gov/genomes/all/GCF/014/645/275/GCF_014645275.1_ASM1464527v1
GCF_900116365.1	376730	376730	ftp://ftp.ncbi.nlm.nih.gov/genomes/all/GCF/900/116/365/GCF_900116365.1_IMG-taxon_2619618939_annotated_assembly
GCF_012037625.1	393006	393006	ftp://ftp.ncbi.nlm.nih.gov/genomes/all/GCF/012/037/625/GCF_012037625.1_ASM1203762v1
GCF_902374565.1	508460	508460	ftp://ftp.ncbi.nlm.nih.gov/genomes/all/GCF/902/374/565/GCF_902374565.1_MGYG-HGUT-01389
GCF_001652705.1	626937	626937	ftp://ftp.ncbi.nlm.nih.gov/genomes/all/GCF/001/652/705/GCF_001652705.1_ASM165270v1
GCF_902388075.1	626937	626937	ftp://ftp.ncbi.nlm.nih.gov/genomes/all/GCF/902/388/075/GCF_902388075.1_UHGG_MGYG-HGUT-02523
GCF_001571425.1	626937	626937	ftp://ftp.ncbi.nlm.nih.gov/genomes/all/GCF/001/571/425/GCF_001571425.1_ASM157142v1
GCF_003628755.1	626937	626937	ftp://ftp.ncbi.nlm.nih.gov/genomes/all/GCF/003/628/755/GCF_003628755.1_ASM362875v1
GCF_001678855.1	626937	626937	ftp://ftp.ncbi.nlm.nih.gov/genomes/all/GCF/001/678/855/GCF_001678855.1_ASM167885v1
GCF_014652395.1	797535	797535	ftp://ftp.ncbi.nlm.nih.gov/genomes/all/GCF/014/652/395/GCF_014652395.1_ASM1465239v1
GCF_900168165.1	889453	889453	ftp://ftp.ncbi.nlm.nih.gov/genomes/all/GCF/900/168/165/GCF_900168165.1_IMG-taxon_2595698211_annotated_assembly
GCF_002201795.1	889453	889453	ftp://ftp.ncbi.nlm.nih.gov/genomes/all/GCF/002/201/795/GCF_002201795.1_ASM220179v1
GCF_017873955.1	913099	913099	ftp://ftp.ncbi.nlm.nih.gov/genomes/all/GCF/017/873/955/GCF_017873955.1_ASM1787395v1
GCF_001701045.1	1197717	1197717	ftp://ftp.ncbi.nlm.nih.gov/genomes/all/GCF/001/701/045/GCF_001701045.1_ASM170104v1
GCF_012844265.1	1197717	1197717	ftp://ftp.ncbi.nlm.nih.gov/genomes/all/GCF/012/844/265/GCF_012844265.1_ASM1284426v1
GCF_003003035.1	989	989	ftp://ftp.ncbi.nlm.nih.gov/genomes/all/GCF/003/003/035/GCF_003003035.1_ASM300303v1
GCF_000614895.1	1168289	989	ftp://ftp.ncbi.nlm.nih.gov/genomes/all/GCF/000/614/895/GCF_000614895.1_ASM61489v1
GCF_003337725.1	989	989	ftp://ftp.ncbi.nlm.nih.gov/genomes/all/GCF/003/337/725/GCF_003337725.1_ASM333772v1
GCF_000259075.1	1168289	989	ftp://ftp.ncbi.nlm.nih.gov/genomes/all/GCF/000/259/075/GCF_000259075.1_ASM25907v1
GCF_000741645.1	1693	1693	ftp://ftp.ncbi.nlm.nih.gov/genomes/all/GCF/000/741/645/GCF_000741645.1_Bifmin
GCF_000421685.1	1121109	1693	ftp://ftp.ncbi.nlm.nih.gov/genomes/all/GCF/000/421/685/GCF_000421685.1_ASM42168v1
GCF_000771245.1	1121109	1693	ftp://ftp.ncbi.nlm.nih.gov/genomes/all/GCF/000/771/245/GCF_000771245.1_DSM-20102
GCF_001757495.1	2754	2754	ftp://ftp.ncbi.nlm.nih.gov/genomes/all/GCF/001/757/495/GCF_001757495.1_ASM175749v1
GCF_001757465.1	2754	2754	ftp://ftp.ncbi.nlm.nih.gov/genomes/all/GCF/001/757/465/GCF_001757465.1_ASM175746v1
GCF_001757565.1	2754	2754	ftp://ftp.ncbi.nlm.nih.gov/genomes/all/GCF/001/757/565/GCF_001757565.1_ASM175756v1
GCF_001757485.1	2754	2754	ftp://ftp.ncbi.nlm.nih.gov/genomes/all/GCF/001/757/485/GCF_001757485.1_ASM175748v1
GCF_000712295.1	2754	2754	ftp://ftp.ncbi.nlm.nih.gov/genomes/all/GCF/000/712/295/GCF_000712295.1_sjonesii4.0
GCF_001757415.1	2754	2754	ftp://ftp.ncbi.nlm.nih.gov/genomes/all/GCF/001/757/415/GCF_001757415.1_ASM175741v1
GCF_000277325.1	1168290	28025	ftp://ftp.ncbi.nlm.nih.gov/genomes/all/GCF/000/277/325/GCF_000277325.1_ASM27732v1
GCF_004154565.1	302911	28025	ftp://ftp.ncbi.nlm.nih.gov/genomes/all/GCF/004/154/565/GCF_004154565.1_ASM415456v1
GCF_900157135.1	28025	28025	ftp://ftp.ncbi.nlm.nih.gov/genomes/all/GCF/900/157/135/GCF_900157135.1_Bifido_11_v1
GCF_003095115.1	28025	28025	ftp://ftp.ncbi.nlm.nih.gov/genomes/all/GCF/003/095/115/GCF_003095115.1_ASM309511v1
GCF_000817045.1	28025	28025	ftp://ftp.ncbi.nlm.nih.gov/genomes/all/GCF/000/817/045/GCF_000817045.1_ASM81704v1
GCF_000816205.1	1316911	28025	ftp://ftp.ncbi.nlm.nih.gov/genomes/all/GCF/000/816/205/GCF_000816205.1_ASM81620v1
GCF_000021425.1	442563	28025	ftp://ftp.ncbi.nlm.nih.gov/genomes/all/GCF/000/021/425/GCF_000021425.1_ASM2142v1
GCF_003428375.1	302911	28025	ftp://ftp.ncbi.nlm.nih.gov/genomes/all/GCF/003/428/375/GCF_003428375.1_ASM342837v1
GCF_004154545.1	302911	28025	ftp://ftp.ncbi.nlm.nih.gov/genomes/all/GCF/004/154/545/GCF_004154545.1_ASM415454v1
GCF_004154655.1	302911	28025	ftp://ftp.ncbi.nlm.nih.gov/genomes/all/GCF/004/154/655/GCF_004154655.1_ASM415465v1
GCF_004154525.1	302911	28025	ftp://ftp.ncbi.nlm.nih.gov/genomes/all/GCF/004/154/525/GCF_004154525.1_ASM415452v1
GCF_003094875.1	28025	28025	ftp://ftp.ncbi.nlm.nih.gov/genomes/all/GCF/003/094/875/GCF_003094875.1_ASM309487v1
GCF_910574665.1	28025	28025	ftp://ftp.ncbi.nlm.nih.gov/genomes/all/GCF/910/574/665/GCF_910574665.1_MGBC000087
GCF_003094915.1	302911	28025	ftp://ftp.ncbi.nlm.nih.gov/genomes/all/GCF/003/094/915/GCF_003094915.1_ASM309491v1
GCF_006538265.1	28025	28025	ftp://ftp.ncbi.nlm.nih.gov/genomes/all/GCF/006/538/265/GCF_006538265.1_ASM653826v1
GCF_003094895.1	28025	28025	ftp://ftp.ncbi.nlm.nih.gov/genomes/all/GCF/003/094/895/GCF_003094895.1_ASM309489v1
GCF_003094835.1	302911	28025	ftp://ftp.ncbi.nlm.nih.gov/genomes/all/GCF/003/094/835/GCF_003094835.1_ASM309483v1
GCF_003095075.1	28025	28025	ftp://ftp.ncbi.nlm.nih.gov/genomes/all/GCF/003/095/075/GCF_003095075.1_ASM309507v1
GCF_004154445.1	302911	28025	ftp://ftp.ncbi.nlm.nih.gov/genomes/all/GCF/004/154/445/GCF_004154445.1_ASM415444v1
GCF_003438565.1	28025	28025	ftp://ftp.ncbi.nlm.nih.gov/genomes/all/GCF/003/438/565/GCF_003438565.1_ASM343856v1
GCF_015377505.1	28025	28025	ftp://ftp.ncbi.nlm.nih.gov/genomes/all/GCF/015/377/505/GCF_015377505.1_ASM1537750v1
GCF_004154455.1	302911	28025	ftp://ftp.ncbi.nlm.nih.gov/genomes/all/GCF/004/154/455/GCF_004154455.1_ASM415445v1
GCF_009834975.1	302911	28025	ftp://ftp.ncbi.nlm.nih.gov/genomes/all/GCF/009/834/975/GCF_009834975.1_ASM983497v1
GCF_004154625.1	302912	28025	ftp://ftp.ncbi.nlm.nih.gov/genomes/all/GCF/004/154/625/GCF_004154625.1_ASM415462v1
GCF_003970855.1	302911	28025	ftp://ftp.ncbi.nlm.nih.gov/genomes/all/GCF/003/970/855/GCF_003970855.1_ASM397085v1
GCF_004154555.1	302911	28025	ftp://ftp.ncbi.nlm.nih.gov/genomes/all/GCF/004/154/555/GCF_004154555.1_ASM415455v1
GCF_004135895.1	28025	28025	ftp://ftp.ncbi.nlm.nih.gov/genomes/all/GCF/004/135/895/GCF_004135895.1_ASM413589v1
GCF_006538285.1	28025	28025	ftp://ftp.ncbi.nlm.nih.gov/genomes/all/GCF/006/538/285/GCF_006538285.1_ASM653828v1
GCF_900157045.1	28025	28025	ftp://ftp.ncbi.nlm.nih.gov/genomes/all/GCF/900/157/045/GCF_900157045.1_Bifido_08_v1
GCF_003094815.1	302911	28025	ftp://ftp.ncbi.nlm.nih.gov/genomes/all/GCF/003/094/815/GCF_003094815.1_ASM309481v1
GCF_016835115.1	302911	28025	ftp://ftp.ncbi.nlm.nih.gov/genomes/all/GCF/016/835/115/GCF_016835115.1_ASM1683511v1
GCF_004154475.1	302911	28025	ftp://ftp.ncbi.nlm.nih.gov/genomes/all/GCF/004/154/475/GCF_004154475.1_ASM415447v1
GCF_019052265.1	28025	28025	ftp://ftp.ncbi.nlm.nih.gov/genomes/all/GCF/019/052/265/GCF_019052265.1_ASM1905226v1
GCF_001263835.1	1365957	28025	ftp://ftp.ncbi.nlm.nih.gov/genomes/all/GCF/001/263/835/GCF_001263835.1_ASM126383v1
GCF_019052305.1	28025	28025	ftp://ftp.ncbi.nlm.nih.gov/genomes/all/GCF/019/052/305/GCF_019052305.1_ASM1905230v1
GCF_001263865.1	1365956	28025	ftp://ftp.ncbi.nlm.nih.gov/genomes/all/GCF/001/263/865/GCF_001263865.1_ASM126386v1
GCF_000260715.1	703613	28025	ftp://ftp.ncbi.nlm.nih.gov/genomes/all/GCF/000/260/715/GCF_000260715.1_ASM26071v1
GCF_009077835.1	28025	28025	ftp://ftp.ncbi.nlm.nih.gov/genomes/all/GCF/009/077/835/GCF_009077835.1_ASM907783v1
GCF_000612705.1	1415606	28025	ftp://ftp.ncbi.nlm.nih.gov/genomes/all/GCF/000/612/705/GCF_000612705.1_CECT8145
GCF_902387355.1	28025	28025	ftp://ftp.ncbi.nlm.nih.gov/genomes/all/GCF/902/387/355/GCF_902387355.1_UHGG_MGYG-HGUT-02459
GCF_019126555.1	28025	28025	ftp://ftp.ncbi.nlm.nih.gov/genomes/all/GCF/019/126/555/GCF_019126555.1_ASM1912655v1
GCF_001688645.2	302912	28025	ftp://ftp.ncbi.nlm.nih.gov/genomes/all/GCF/001/688/645/GCF_001688645.2_ASM168864v2
GCF_002914895.1	302911	28025	ftp://ftp.ncbi.nlm.nih.gov/genomes/all/GCF/002/914/895/GCF_002914895.1_ASM291489v1
GCF_018409015.1	302911	28025	ftp://ftp.ncbi.nlm.nih.gov/genomes/all/GCF/018/409/015/GCF_018409015.1_ASM1840901v1
GCF_008868455.1	302911	28025	ftp://ftp.ncbi.nlm.nih.gov/genomes/all/GCF/008/868/455/GCF_008868455.1_ASM886845v1
GCF_004154535.1	302911	28025	ftp://ftp.ncbi.nlm.nih.gov/genomes/all/GCF/004/154/535/GCF_004154535.1_ASM415453v1
GCF_004154435.1	302911	28025	ftp://ftp.ncbi.nlm.nih.gov/genomes/all/GCF/004/154/435/GCF_004154435.1_ASM415443v1
GCF_000471945.1	1167629	28025	ftp://ftp.ncbi.nlm.nih.gov/genomes/all/GCF/000/471/945/GCF_000471945.1_ASM47194v1
GCF_006538245.1	28025	28025	ftp://ftp.ncbi.nlm.nih.gov/genomes/all/GCF/006/538/245/GCF_006538245.1_ASM653824v1
GCF_003606305.1	302911	28025	ftp://ftp.ncbi.nlm.nih.gov/genomes/all/GCF/003/606/305/GCF_003606305.1_ASM360630v1
GCF_001892925.1	302911	28025	ftp://ftp.ncbi.nlm.nih.gov/genomes/all/GCF/001/892/925/GCF_001892925.1_ASM189292v1
GCF_004167905.1	28025	28025	ftp://ftp.ncbi.nlm.nih.gov/genomes/all/GCF/004/167/905/GCF_004167905.1_ASM416790v1
GCF_009075825.1	28025	28025	ftp://ftp.ncbi.nlm.nih.gov/genomes/all/GCF/009/075/825/GCF_009075825.1_ASM907582v1
GCF_009075805.1	28025	28025	ftp://ftp.ncbi.nlm.nih.gov/genomes/all/GCF/009/075/805/GCF_009075805.1_ASM907580v1
GCF_001039715.1	1402194	28025	ftp://ftp.ncbi.nlm.nih.gov/genomes/all/GCF/001/039/715/GCF_001039715.1_BAN2
GCF_002220485.1	28025	28025	ftp://ftp.ncbi.nlm.nih.gov/genomes/all/GCF/002/220/485/GCF_002220485.1_ASM222048v1
GCF_018408975.1	302911	28025	ftp://ftp.ncbi.nlm.nih.gov/genomes/all/GCF/018/408/975/GCF_018408975.1_ASM1840897v1
GCF_019126675.1	28025	28025	ftp://ftp.ncbi.nlm.nih.gov/genomes/all/GCF/019/126/675/GCF_019126675.1_ASM1912667v1
GCF_000414215.1	1281781	28025	ftp://ftp.ncbi.nlm.nih.gov/genomes/all/GCF/000/414/215/GCF_000414215.1_ASM41421v1
GCF_015552635.1	28025	28025	ftp://ftp.ncbi.nlm.nih.gov/genomes/all/GCF/015/552/635/GCF_015552635.1_ASM1555263v1
GCF_003095015.1	302911	28025	ftp://ftp.ncbi.nlm.nih.gov/genomes/all/GCF/003/095/015/GCF_003095015.1_ASM309501v1
GCF_001264055.1	1365959	28025	ftp://ftp.ncbi.nlm.nih.gov/genomes/all/GCF/001/264/055/GCF_001264055.1_ASM126405v1
GCF_003095055.1	28025	28025	ftp://ftp.ncbi.nlm.nih.gov/genomes/all/GCF/003/095/055/GCF_003095055.1_ASM309505v1
GCF_003390755.1	302911	28025	ftp://ftp.ncbi.nlm.nih.gov/genomes/all/GCF/003/390/755/GCF_003390755.1_ASM339075v1
GCF_000025245.2	552531	28025	ftp://ftp.ncbi.nlm.nih.gov/genomes/all/GCF/000/025/245/GCF_000025245.2_ASM2524v2
GCF_003438945.1	28025	28025	ftp://ftp.ncbi.nlm.nih.gov/genomes/all/GCF/003/438/945/GCF_003438945.1_ASM343894v1
GCF_002914815.1	302911	28025	ftp://ftp.ncbi.nlm.nih.gov/genomes/all/GCF/002/914/815/GCF_002914815.1_ASM291481v1
GCF_003094775.1	302911	28025	ftp://ftp.ncbi.nlm.nih.gov/genomes/all/GCF/003/094/775/GCF_003094775.1_ASM309477v1
GCF_017963615.1	302911	28025	ftp://ftp.ncbi.nlm.nih.gov/genomes/all/GCF/017/963/615/GCF_017963615.1_ASM1796361v1
GCF_016696725.1	28025	28025	ftp://ftp.ncbi.nlm.nih.gov/genomes/all/GCF/016/696/725/GCF_016696725.1_ASM1669672v1
GCF_004154695.1	302911	28025	ftp://ftp.ncbi.nlm.nih.gov/genomes/all/GCF/004/154/695/GCF_004154695.1_ASM415469v1
GCF_004154645.1	302911	28025	ftp://ftp.ncbi.nlm.nih.gov/genomes/all/GCF/004/154/645/GCF_004154645.1_ASM415464v1
GCF_000695895.1	28025	28025	ftp://ftp.ncbi.nlm.nih.gov/genomes/all/GCF/000/695/895/GCF_000695895.1_ASM69589v1
GCF_019052295.1	28025	28025	ftp://ftp.ncbi.nlm.nih.gov/genomes/all/GCF/019/052/295/GCF_019052295.1_ASM1905229v1
GCF_000277345.1	742729	28025	ftp://ftp.ncbi.nlm.nih.gov/genomes/all/GCF/000/277/345/GCF_000277345.1_ASM27734v1
GCF_005844245.1	28025	28025	ftp://ftp.ncbi.nlm.nih.gov/genomes/all/GCF/005/844/245/GCF_005844245.1_ASM584424v1
GCF_002221565.2	302912	28025	ftp://ftp.ncbi.nlm.nih.gov/genomes/all/GCF/002/221/565/GCF_002221565.2_ASM222156v2
GCF_001263945.1	1365955	28025	ftp://ftp.ncbi.nlm.nih.gov/genomes/all/GCF/001/263/945/GCF_001263945.1_ASM126394v1
GCF_016835135.1	302911	28025	ftp://ftp.ncbi.nlm.nih.gov/genomes/all/GCF/016/835/135/GCF_016835135.1_ASM1683513v1
GCF_000092765.1	573236	28025	ftp://ftp.ncbi.nlm.nih.gov/genomes/all/GCF/000/092/765/GCF_000092765.1_ASM9276v1
GCF_004154425.1	302911	28025	ftp://ftp.ncbi.nlm.nih.gov/genomes/all/GCF/004/154/425/GCF_004154425.1_ASM415442v1
GCF_000172535.1	486409	28025	ftp://ftp.ncbi.nlm.nih.gov/genomes/all/GCF/000/172/535/GCF_000172535.1_Blac_1.0
GCF_000220885.1	1042403	28025	ftp://ftp.ncbi.nlm.nih.gov/genomes/all/GCF/000/220/885/GCF_000220885.1_ASM22088v1
GCF_011770105.1	28025	28025	ftp://ftp.ncbi.nlm.nih.gov/genomes/all/GCF/011/770/105/GCF_011770105.1_ASM1177010v1
GCF_000818055.1	302911	28025	ftp://ftp.ncbi.nlm.nih.gov/genomes/all/GCF/000/818/055/GCF_000818055.1_ASM81805v1
GCF_000224965.2	1075106	28025	ftp://ftp.ncbi.nlm.nih.gov/genomes/all/GCF/000/224/965/GCF_000224965.2_ASM22496v2
GCF_019126705.1	28025	28025	ftp://ftp.ncbi.nlm.nih.gov/genomes/all/GCF/019/126/705/GCF_019126705.1_ASM1912670v1
GCF_000240765.1	911598	28025	ftp://ftp.ncbi.nlm.nih.gov/genomes/all/GCF/000/240/765/GCF_000240765.1_BifAniBS01_1.0
GCF_019126655.1	28025	28025	ftp://ftp.ncbi.nlm.nih.gov/genomes/all/GCF/019/126/655/GCF_019126655.1_ASM1912665v1
GCF_000741485.1	302912	28025	ftp://ftp.ncbi.nlm.nih.gov/genomes/all/GCF/000/741/485/GCF_000741485.1_Bifani_sub.ani
GCF_001264015.1	1167629	28025	ftp://ftp.ncbi.nlm.nih.gov/genomes/all/GCF/001/264/015/GCF_001264015.1_ASM126401v1
GCF_000022705.1	580050	28025	ftp://ftp.ncbi.nlm.nih.gov/genomes/all/GCF/000/022/705/GCF_000022705.1_ASM2270v1
GCF_001263985.1	1365954	28025	ftp://ftp.ncbi.nlm.nih.gov/genomes/all/GCF/001/263/985/GCF_001263985.1_ASM126398v1
GCF_001263975.1	1365953	28025	ftp://ftp.ncbi.nlm.nih.gov/genomes/all/GCF/001/263/975/GCF_001263975.1_ASM126397v1
GCF_018408985.1	302911	28025	ftp://ftp.ncbi.nlm.nih.gov/genomes/all/GCF/018/408/985/GCF_018408985.1_ASM1840898v1
GCF_003671995.1	302912	28025	ftp://ftp.ncbi.nlm.nih.gov/genomes/all/GCF/003/671/995/GCF_003671995.1_ASM367199v1
GCF_008041995.1	28025	28025	ftp://ftp.ncbi.nlm.nih.gov/genomes/all/GCF/008/041/995/GCF_008041995.1_ASM804199v1
GCF_013403245.1	1123245	29345	ftp://ftp.ncbi.nlm.nih.gov/genomes/all/GCF/013/403/245/GCF_013403245.1_ASM1340324v1
GCF_000158635.1	566549	43768	ftp://ftp.ncbi.nlm.nih.gov/genomes/all/GCF/000/158/635/GCF_000158635.1_ASM15863v1
GCF_900638255.1	43768	43768	ftp://ftp.ncbi.nlm.nih.gov/genomes/all/GCF/900/638/255/GCF_900638255.1_56931_E02
GCF_008868665.1	43768	43768	ftp://ftp.ncbi.nlm.nih.gov/genomes/all/GCF/008/868/665/GCF_008868665.1_ASM886866v1
GCF_900447555.1	43768	43768	ftp://ftp.ncbi.nlm.nih.gov/genomes/all/GCF/900/447/555/GCF_900447555.1_51470_A02
GCF_000175375.1	553207	43768	ftp://ftp.ncbi.nlm.nih.gov/genomes/all/GCF/000/175/375/GCF_000175375.1_ASM17537v1
GCF_011612265.2	43768	43768	ftp://ftp.ncbi.nlm.nih.gov/genomes/all/GCF/011/612/265/GCF_011612265.2_ASM1161226v2
GCF_016127095.1	43771	43771	ftp://ftp.ncbi.nlm.nih.gov/genomes/all/GCF/016/127/095/GCF_016127095.1_ASM1612709v1
GCF_900187235.1	43771	43771	ftp://ftp.ncbi.nlm.nih.gov/genomes/all/GCF/900/187/235/GCF_900187235.1_52184_D01
GCF_001053765.1	43771	43771	ftp://ftp.ncbi.nlm.nih.gov/genomes/all/GCF/001/053/765/GCF_001053765.1_ASM105376v1
GCF_008180085.1	43771	43771	ftp://ftp.ncbi.nlm.nih.gov/genomes/all/GCF/008/180/085/GCF_008180085.1_ASM818008v1
GCF_016403265.1	43771	43771	ftp://ftp.ncbi.nlm.nih.gov/genomes/all/GCF/016/403/265/GCF_016403265.1_ASM1640326v1
GCF_008244525.1	43771	43771	ftp://ftp.ncbi.nlm.nih.gov/genomes/all/GCF/008/244/525/GCF_008244525.1_ASM824452v1
GCF_016127975.1	43771	43771	ftp://ftp.ncbi.nlm.nih.gov/genomes/all/GCF/016/127/975/GCF_016127975.1_ASM1612797v1
GCF_000338095.1	1267754	43771	ftp://ftp.ncbi.nlm.nih.gov/genomes/all/GCF/000/338/095/GCF_000338095.1_ASM33809v1
GCF_000069945.1	504474	43771	ftp://ftp.ncbi.nlm.nih.gov/genomes/all/GCF/000/069/945/GCF_000069945.1_ASM6994v1
GCF_008180045.1	43771	43771	ftp://ftp.ncbi.nlm.nih.gov/genomes/all/GCF/008/180/045/GCF_008180045.1_ASM818004v1
GCF_008180065.1	43771	43771	ftp://ftp.ncbi.nlm.nih.gov/genomes/all/GCF/008/180/065/GCF_008180065.1_ASM818006v1
GCF_009719975.1	46503	46503	ftp://ftp.ncbi.nlm.nih.gov/genomes/all/GCF/009/719/975/GCF_009719975.1_ASM971997v1
GCF_009719945.1	46503	46503	ftp://ftp.ncbi.nlm.nih.gov/genomes/all/GCF/009/719/945/GCF_009719945.1_ASM971994v1
GCF_015555255.1	46503	46503	ftp://ftp.ncbi.nlm.nih.gov/genomes/all/GCF/015/555/255/GCF_015555255.1_ASM1555525v1
GCF_000307345.1	999420	46503	ftp://ftp.ncbi.nlm.nih.gov/genomes/all/GCF/000/307/345/GCF_000307345.1_Para_merd_CL03T12C32_V1
GCF_015553045.1	46503	46503	ftp://ftp.ncbi.nlm.nih.gov/genomes/all/GCF/015/553/045/GCF_015553045.1_ASM1555304v1
GCF_015552245.1	46503	46503	ftp://ftp.ncbi.nlm.nih.gov/genomes/all/GCF/015/552/245/GCF_015552245.1_ASM1555224v1
GCF_003475825.1	46503	46503	ftp://ftp.ncbi.nlm.nih.gov/genomes/all/GCF/003/475/825/GCF_003475825.1_ASM347582v1
GCF_009719915.1	46503	46503	ftp://ftp.ncbi.nlm.nih.gov/genomes/all/GCF/009/719/915/GCF_009719915.1_ASM971991v1
GCF_003474345.1	46503	46503	ftp://ftp.ncbi.nlm.nih.gov/genomes/all/GCF/003/474/345/GCF_003474345.1_ASM347434v1
GCF_009719685.1	46503	46503	ftp://ftp.ncbi.nlm.nih.gov/genomes/all/GCF/009/719/685/GCF_009719685.1_ASM971968v1
GCF_009719605.1	46503	46503	ftp://ftp.ncbi.nlm.nih.gov/genomes/all/GCF/009/719/605/GCF_009719605.1_ASM971960v1
GCF_015554975.1	46503	46503	ftp://ftp.ncbi.nlm.nih.gov/genomes/all/GCF/015/554/975/GCF_015554975.1_ASM1555497v1
GCF_015670365.1	46503	46503	ftp://ftp.ncbi.nlm.nih.gov/genomes/all/GCF/015/670/365/GCF_015670365.1_ASM1567036v1
GCF_003469635.1	46503	46503	ftp://ftp.ncbi.nlm.nih.gov/genomes/all/GCF/003/469/635/GCF_003469635.1_ASM346963v1
GCF_009719805.1	46503	46503	ftp://ftp.ncbi.nlm.nih.gov/genomes/all/GCF/009/719/805/GCF_009719805.1_ASM971980v1
GCF_003458945.1	46503	46503	ftp://ftp.ncbi.nlm.nih.gov/genomes/all/GCF/003/458/945/GCF_003458945.1_ASM345894v1
GCF_009719585.1	46503	46503	ftp://ftp.ncbi.nlm.nih.gov/genomes/all/GCF/009/719/585/GCF_009719585.1_ASM971958v1
GCF_009719645.1	46503	46503	ftp://ftp.ncbi.nlm.nih.gov/genomes/all/GCF/009/719/645/GCF_009719645.1_ASM971964v1
GCF_015551905.1	46503	46503	ftp://ftp.ncbi.nlm.nih.gov/genomes/all/GCF/015/551/905/GCF_015551905.1_ASM1555190v1
GCF_018289315.1	46503	46503	ftp://ftp.ncbi.nlm.nih.gov/genomes/all/GCF/018/289/315/GCF_018289315.1_ASM1828931v1
GCF_015668095.1	46503	46503	ftp://ftp.ncbi.nlm.nih.gov/genomes/all/GCF/015/668/095/GCF_015668095.1_ASM1566809v1
GCF_009719635.1	46503	46503	ftp://ftp.ncbi.nlm.nih.gov/genomes/all/GCF/009/719/635/GCF_009719635.1_ASM971963v1
GCF_009719625.1	46503	46503	ftp://ftp.ncbi.nlm.nih.gov/genomes/all/GCF/009/719/625/GCF_009719625.1_ASM971962v1
GCF_000154105.1	411477	46503	ftp://ftp.ncbi.nlm.nih.gov/genomes/all/GCF/000/154/105/GCF_000154105.1_ASM15410v1
GCF_009719555.1	46503	46503	ftp://ftp.ncbi.nlm.nih.gov/genomes/all/GCF/009/719/555/GCF_009719555.1_ASM971955v1
GCF_009719875.1	46503	46503	ftp://ftp.ncbi.nlm.nih.gov/genomes/all/GCF/009/719/875/GCF_009719875.1_ASM971987v1
GCF_009719865.1	46503	46503	ftp://ftp.ncbi.nlm.nih.gov/genomes/all/GCF/009/719/865/GCF_009719865.1_ASM971986v1
GCF_015547825.1	46503	46503	ftp://ftp.ncbi.nlm.nih.gov/genomes/all/GCF/015/547/825/GCF_015547825.1_ASM1554782v1
GCF_015558865.1	46503	46503	ftp://ftp.ncbi.nlm.nih.gov/genomes/all/GCF/015/558/865/GCF_015558865.1_ASM1555886v1
GCF_015548105.1	46503	46503	ftp://ftp.ncbi.nlm.nih.gov/genomes/all/GCF/015/548/105/GCF_015548105.1_ASM1554810v1
GCF_009719905.1	46503	46503	ftp://ftp.ncbi.nlm.nih.gov/genomes/all/GCF/009/719/905/GCF_009719905.1_ASM971990v1
GCF_015556685.1	46503	46503	ftp://ftp.ncbi.nlm.nih.gov/genomes/all/GCF/015/556/685/GCF_015556685.1_ASM1555668v1
GCF_003470675.1	46503	46503	ftp://ftp.ncbi.nlm.nih.gov/genomes/all/GCF/003/470/675/GCF_003470675.1_ASM347067v1
GCF_009719725.1	46503	46503	ftp://ftp.ncbi.nlm.nih.gov/genomes/all/GCF/009/719/725/GCF_009719725.1_ASM971972v1
GCF_009719515.1	46503	46503	ftp://ftp.ncbi.nlm.nih.gov/genomes/all/GCF/009/719/515/GCF_009719515.1_ASM971951v1
GCF_005844535.1	46503	46503	ftp://ftp.ncbi.nlm.nih.gov/genomes/all/GCF/005/844/535/GCF_005844535.1_ASM584453v1
GCF_003475265.1	46503	46503	ftp://ftp.ncbi.nlm.nih.gov/genomes/all/GCF/003/475/265/GCF_003475265.1_ASM347526v1
GCF_015554045.1	46503	46503	ftp://ftp.ncbi.nlm.nih.gov/genomes/all/GCF/015/554/045/GCF_015554045.1_ASM1555404v1
GCF_003475305.1	46503	46503	ftp://ftp.ncbi.nlm.nih.gov/genomes/all/GCF/003/475/305/GCF_003475305.1_ASM347530v1
GCF_001404575.1	46503	46503	ftp://ftp.ncbi.nlm.nih.gov/genomes/all/GCF/001/404/575/GCF_001404575.1_13470_2_67
GCF_009719815.1	46503	46503	ftp://ftp.ncbi.nlm.nih.gov/genomes/all/GCF/009/719/815/GCF_009719815.1_ASM971981v1
GCF_004166975.1	46503	46503	ftp://ftp.ncbi.nlm.nih.gov/genomes/all/GCF/004/166/975/GCF_004166975.1_ASM416697v1
GCF_902362625.1	46503	46503	ftp://ftp.ncbi.nlm.nih.gov/genomes/all/GCF/902/362/625/GCF_902362625.1_MGYG-HGUT-00044
GCF_009719715.1	46503	46503	ftp://ftp.ncbi.nlm.nih.gov/genomes/all/GCF/009/719/715/GCF_009719715.1_ASM971971v1
GCF_900445495.1	46503	46503	ftp://ftp.ncbi.nlm.nih.gov/genomes/all/GCF/900/445/495/GCF_900445495.1_52683_B04
GCF_009719765.1	46503	46503	ftp://ftp.ncbi.nlm.nih.gov/genomes/all/GCF/009/719/765/GCF_009719765.1_ASM971976v1
GCF_003438825.1	46503	46503	ftp://ftp.ncbi.nlm.nih.gov/genomes/all/GCF/003/438/825/GCF_003438825.1_ASM343882v1
GCF_009719705.1	46503	46503	ftp://ftp.ncbi.nlm.nih.gov/genomes/all/GCF/009/719/705/GCF_009719705.1_ASM971970v1
GCF_009719965.1	46503	46503	ftp://ftp.ncbi.nlm.nih.gov/genomes/all/GCF/009/719/965/GCF_009719965.1_ASM971996v1
GCF_015547975.1	46503	46503	ftp://ftp.ncbi.nlm.nih.gov/genomes/all/GCF/015/547/975/GCF_015547975.1_ASM1554797v1
GCF_003459525.1	46503	46503	ftp://ftp.ncbi.nlm.nih.gov/genomes/all/GCF/003/459/525/GCF_003459525.1_ASM345952v1
GCF_015558445.1	46503	46503	ftp://ftp.ncbi.nlm.nih.gov/genomes/all/GCF/015/558/445/GCF_015558445.1_ASM1555844v1
GCF_018784105.1	46503	46503	ftp://ftp.ncbi.nlm.nih.gov/genomes/all/GCF/018/784/105/GCF_018784105.1_ASM1878410v1
GCF_019042155.1	46503	46503	ftp://ftp.ncbi.nlm.nih.gov/genomes/all/GCF/019/042/155/GCF_019042155.1_NA
GCF_009720015.1	46503	46503	ftp://ftp.ncbi.nlm.nih.gov/genomes/all/GCF/009/720/015/GCF_009720015.1_ASM972001v1
GCF_003469115.1	46503	46503	ftp://ftp.ncbi.nlm.nih.gov/genomes/all/GCF/003/469/115/GCF_003469115.1_ASM346911v1
GCF_009719785.1	46503	46503	ftp://ftp.ncbi.nlm.nih.gov/genomes/all/GCF/009/719/785/GCF_009719785.1_ASM971978v1
GCF_003439005.1	46503	46503	ftp://ftp.ncbi.nlm.nih.gov/genomes/all/GCF/003/439/005/GCF_003439005.1_ASM343900v1
GCF_009677855.1	46503	46503	ftp://ftp.ncbi.nlm.nih.gov/genomes/all/GCF/009/677/855/GCF_009677855.1_ASM967785v1
GCF_009720005.1	46503	46503	ftp://ftp.ncbi.nlm.nih.gov/genomes/all/GCF/009/720/005/GCF_009720005.1_ASM972000v1
GCF_009720045.1	46503	46503	ftp://ftp.ncbi.nlm.nih.gov/genomes/all/GCF/009/720/045/GCF_009720045.1_ASM972004v1
GCF_000307495.1	999421	46503	ftp://ftp.ncbi.nlm.nih.gov/genomes/all/GCF/000/307/495/GCF_000307495.1_Para_merd_CL09T00C40_V1
GCF_003468355.1	46506	46506	ftp://ftp.ncbi.nlm.nih.gov/genomes/all/GCF/003/468/355/GCF_003468355.1_ASM346835v1
GCF_902364555.1	46506	46506	ftp://ftp.ncbi.nlm.nih.gov/genomes/all/GCF/902/364/555/GCF_902364555.1_MGYG-HGUT-00224
GCF_015558045.1	46506	46506	ftp://ftp.ncbi.nlm.nih.gov/genomes/all/GCF/015/558/045/GCF_015558045.1_ASM1555804v1
GCF_009025145.1	46506	46506	ftp://ftp.ncbi.nlm.nih.gov/genomes/all/GCF/009/025/145/GCF_009025145.1_ASM902514v1
GCF_000154525.1	449673	46506	ftp://ftp.ncbi.nlm.nih.gov/genomes/all/GCF/000/154/525/GCF_000154525.1_ASM15452v1
GCF_003458395.1	46506	46506	ftp://ftp.ncbi.nlm.nih.gov/genomes/all/GCF/003/458/395/GCF_003458395.1_ASM345839v1
GCF_009025185.1	46506	46506	ftp://ftp.ncbi.nlm.nih.gov/genomes/all/GCF/009/025/185/GCF_009025185.1_ASM902518v1
GCF_003458365.1	46506	46506	ftp://ftp.ncbi.nlm.nih.gov/genomes/all/GCF/003/458/365/GCF_003458365.1_ASM345836v1
GCF_003460185.1	46506	46506	ftp://ftp.ncbi.nlm.nih.gov/genomes/all/GCF/003/460/185/GCF_003460185.1_ASM346018v1
GCF_019129755.1	46506	46506	ftp://ftp.ncbi.nlm.nih.gov/genomes/all/GCF/019/129/755/GCF_019129755.1_ASM1912975v1
GCF_009024865.1	46506	46506	ftp://ftp.ncbi.nlm.nih.gov/genomes/all/GCF/009/024/865/GCF_009024865.1_ASM902486v1
GCF_009024935.1	46506	46506	ftp://ftp.ncbi.nlm.nih.gov/genomes/all/GCF/009/024/935/GCF_009024935.1_ASM902493v1
GCF_009025175.1	46506	46506	ftp://ftp.ncbi.nlm.nih.gov/genomes/all/GCF/009/025/175/GCF_009025175.1_ASM902517v1
GCF_003475165.1	46506	46506	ftp://ftp.ncbi.nlm.nih.gov/genomes/all/GCF/003/475/165/GCF_003475165.1_ASM347516v1
GCF_003465625.1	46506	46506	ftp://ftp.ncbi.nlm.nih.gov/genomes/all/GCF/003/465/625/GCF_003465625.1_ASM346562v1
GCF_004167795.1	46506	46506	ftp://ftp.ncbi.nlm.nih.gov/genomes/all/GCF/004/167/795/GCF_004167795.1_ASM416779v1
GCF_009025105.1	46506	46506	ftp://ftp.ncbi.nlm.nih.gov/genomes/all/GCF/009/025/105/GCF_009025105.1_ASM902510v1
GCF_001535605.1	46506	46506	ftp://ftp.ncbi.nlm.nih.gov/genomes/all/GCF/001/535/605/GCF_001535605.1_ASM153560v1
GCF_009024805.1	46506	46506	ftp://ftp.ncbi.nlm.nih.gov/genomes/all/GCF/009/024/805/GCF_009024805.1_ASM902480v1
GCF_009025135.1	46506	46506	ftp://ftp.ncbi.nlm.nih.gov/genomes/all/GCF/009/025/135/GCF_009025135.1_ASM902513v1
GCF_009024945.1	46506	46506	ftp://ftp.ncbi.nlm.nih.gov/genomes/all/GCF/009/024/945/GCF_009024945.1_ASM902494v1
GCF_003468685.1	46506	46506	ftp://ftp.ncbi.nlm.nih.gov/genomes/all/GCF/003/468/685/GCF_003468685.1_ASM346868v1
GCF_009024915.1	46506	46506	ftp://ftp.ncbi.nlm.nih.gov/genomes/all/GCF/009/024/915/GCF_009024915.1_ASM902491v1
GCF_003474945.1	46506	46506	ftp://ftp.ncbi.nlm.nih.gov/genomes/all/GCF/003/474/945/GCF_003474945.1_ASM347494v1
GCF_009024975.1	46506	46506	ftp://ftp.ncbi.nlm.nih.gov/genomes/all/GCF/009/024/975/GCF_009024975.1_ASM902497v1
GCF_009025075.1	46506	46506	ftp://ftp.ncbi.nlm.nih.gov/genomes/all/GCF/009/025/075/GCF_009025075.1_ASM902507v1
GCF_009025065.1	46506	46506	ftp://ftp.ncbi.nlm.nih.gov/genomes/all/GCF/009/025/065/GCF_009025065.1_ASM902506v1
GCF_003464965.1	46506	46506	ftp://ftp.ncbi.nlm.nih.gov/genomes/all/GCF/003/464/965/GCF_003464965.1_ASM346496v1
GCF_009024775.1	46506	46506	ftp://ftp.ncbi.nlm.nih.gov/genomes/all/GCF/009/024/775/GCF_009024775.1_ASM902477v1
GCF_003469855.1	46506	46506	ftp://ftp.ncbi.nlm.nih.gov/genomes/all/GCF/003/469/855/GCF_003469855.1_ASM346985v1
GCF_009024895.1	46506	46506	ftp://ftp.ncbi.nlm.nih.gov/genomes/all/GCF/009/024/895/GCF_009024895.1_ASM902489v1
GCF_000413395.1	1073351	46506	ftp://ftp.ncbi.nlm.nih.gov/genomes/all/GCF/000/413/395/GCF_000413395.1_Bact_ster_CC31F_V1
GCF_009024815.1	46506	46506	ftp://ftp.ncbi.nlm.nih.gov/genomes/all/GCF/009/024/815/GCF_009024815.1_ASM902481v1
GCF_003438545.1	46506	46506	ftp://ftp.ncbi.nlm.nih.gov/genomes/all/GCF/003/438/545/GCF_003438545.1_ASM343854v1
GCF_015557205.1	46506	46506	ftp://ftp.ncbi.nlm.nih.gov/genomes/all/GCF/015/557/205/GCF_015557205.1_ASM1555720v1
GCF_003474995.1	46506	46506	ftp://ftp.ncbi.nlm.nih.gov/genomes/all/GCF/003/474/995/GCF_003474995.1_ASM347499v1
GCF_015561065.1	46506	46506	ftp://ftp.ncbi.nlm.nih.gov/genomes/all/GCF/015/561/065/GCF_015561065.1_ASM1556106v1
GCF_019127955.1	46506	46506	ftp://ftp.ncbi.nlm.nih.gov/genomes/all/GCF/019/127/955/GCF_019127955.1_ASM1912795v1
GCF_003462745.1	46506	46506	ftp://ftp.ncbi.nlm.nih.gov/genomes/all/GCF/003/462/745/GCF_003462745.1_ASM346274v1
GCF_900624775.1	449673	46506	ftp://ftp.ncbi.nlm.nih.gov/genomes/all/GCF/900/624/775/GCF_900624775.1_82B11
GCF_015551965.1	46506	46506	ftp://ftp.ncbi.nlm.nih.gov/genomes/all/GCF/015/551/965/GCF_015551965.1_ASM1555196v1
GCF_900624875.1	449673	46506	ftp://ftp.ncbi.nlm.nih.gov/genomes/all/GCF/900/624/875/GCF_900624875.1_82C1
GCF_003438025.1	46506	46506	ftp://ftp.ncbi.nlm.nih.gov/genomes/all/GCF/003/438/025/GCF_003438025.1_ASM343802v1
GCF_009024855.1	46506	46506	ftp://ftp.ncbi.nlm.nih.gov/genomes/all/GCF/009/024/855/GCF_009024855.1_ASM902485v1
GCF_019129175.1	46506	46506	ftp://ftp.ncbi.nlm.nih.gov/genomes/all/GCF/019/129/175/GCF_019129175.1_ASM1912917v1
GCF_009024785.1	46506	46506	ftp://ftp.ncbi.nlm.nih.gov/genomes/all/GCF/009/024/785/GCF_009024785.1_ASM902478v1
GCF_019127635.1	46506	46506	ftp://ftp.ncbi.nlm.nih.gov/genomes/all/GCF/019/127/635/GCF_019127635.1_ASM1912763v1
GCF_902399825.1	46506	46506	ftp://ftp.ncbi.nlm.nih.gov/genomes/all/GCF/902/399/825/GCF_902399825.1_UHGG_MGYG-HGUT-03681
GCF_003458275.1	46506	46506	ftp://ftp.ncbi.nlm.nih.gov/genomes/all/GCF/003/458/275/GCF_003458275.1_ASM345827v1
GCF_009025025.1	46506	46506	ftp://ftp.ncbi.nlm.nih.gov/genomes/all/GCF/009/025/025/GCF_009025025.1_ASM902502v1
GCF_900106605.1	46506	46506	ftp://ftp.ncbi.nlm.nih.gov/genomes/all/GCF/900/106/605/GCF_900106605.1_IMG-taxon_2693429855_annotated_assembly
GCF_009025035.1	46506	46506	ftp://ftp.ncbi.nlm.nih.gov/genomes/all/GCF/009/025/035/GCF_009025035.1_ASM902503v1
GCF_019075805.1	46506	46506	ftp://ftp.ncbi.nlm.nih.gov/genomes/all/GCF/019/075/805/GCF_019075805.1_ASM1907580v1
GCF_009024985.1	46506	46506	ftp://ftp.ncbi.nlm.nih.gov/genomes/all/GCF/009/024/985/GCF_009024985.1_ASM902498v1
GCF_003470005.1	46506	46506	ftp://ftp.ncbi.nlm.nih.gov/genomes/all/GCF/003/470/005/GCF_003470005.1_ASM347000v1
GCF_003470305.1	46506	46506	ftp://ftp.ncbi.nlm.nih.gov/genomes/all/GCF/003/470/305/GCF_003470305.1_ASM347030v1
GCF_003468175.1	46506	46506	ftp://ftp.ncbi.nlm.nih.gov/genomes/all/GCF/003/468/175/GCF_003468175.1_ASM346817v1
GCF_015560345.1	46506	46506	ftp://ftp.ncbi.nlm.nih.gov/genomes/all/GCF/015/560/345/GCF_015560345.1_ASM1556034v1
GCF_019128945.1	46506	46506	ftp://ftp.ncbi.nlm.nih.gov/genomes/all/GCF/019/128/945/GCF_019128945.1_ASM1912894v1
GCF_016889745.1	47678	47678	ftp://ftp.ncbi.nlm.nih.gov/genomes/all/GCF/016/889/745/GCF_016889745.1_ASM1688974v1
GCF_008572505.1	47678	47678	ftp://ftp.ncbi.nlm.nih.gov/genomes/all/GCF/008/572/505/GCF_008572505.1_ASM857250v1
GCF_019132375.1	47678	47678	ftp://ftp.ncbi.nlm.nih.gov/genomes/all/GCF/019/132/375/GCF_019132375.1_ASM1913237v1
GCF_004167345.1	47678	47678	ftp://ftp.ncbi.nlm.nih.gov/genomes/all/GCF/004/167/345/GCF_004167345.1_ASM416734v1
GCF_008572595.1	47678	47678	ftp://ftp.ncbi.nlm.nih.gov/genomes/all/GCF/008/572/595/GCF_008572595.1_ASM857259v1
GCF_008572535.1	47678	47678	ftp://ftp.ncbi.nlm.nih.gov/genomes/all/GCF/008/572/535/GCF_008572535.1_ASM857253v1
GCF_019052575.1	47678	47678	ftp://ftp.ncbi.nlm.nih.gov/genomes/all/GCF/019/052/575/GCF_019052575.1_ASM1905257v1
GCF_008416185.1	47678	47678	ftp://ftp.ncbi.nlm.nih.gov/genomes/all/GCF/008/416/185/GCF_008416185.1_ASM841618v1
GCF_008416065.1	47678	47678	ftp://ftp.ncbi.nlm.nih.gov/genomes/all/GCF/008/416/065/GCF_008416065.1_ASM841606v1
GCF_019129395.1	47678	47678	ftp://ftp.ncbi.nlm.nih.gov/genomes/all/GCF/019/129/395/GCF_019129395.1_ASM1912939v1
GCF_019129105.1	47678	47678	ftp://ftp.ncbi.nlm.nih.gov/genomes/all/GCF/019/129/105/GCF_019129105.1_ASM1912910v1
GCF_003438425.1	47678	47678	ftp://ftp.ncbi.nlm.nih.gov/genomes/all/GCF/003/438/425/GCF_003438425.1_ASM343842v1
GCF_015560545.1	47678	47678	ftp://ftp.ncbi.nlm.nih.gov/genomes/all/GCF/015/560/545/GCF_015560545.1_ASM1556054v1
GCF_008416295.1	47678	47678	ftp://ftp.ncbi.nlm.nih.gov/genomes/all/GCF/008/416/295/GCF_008416295.1_ASM841629v1
GCF_008572485.1	47678	47678	ftp://ftp.ncbi.nlm.nih.gov/genomes/all/GCF/008/572/485/GCF_008572485.1_ASM857248v1
GCF_019129035.1	47678	47678	ftp://ftp.ncbi.nlm.nih.gov/genomes/all/GCF/019/129/035/GCF_019129035.1_ASM1912903v1
GCF_008572355.1	47678	47678	ftp://ftp.ncbi.nlm.nih.gov/genomes/all/GCF/008/572/355/GCF_008572355.1_ASM857235v1
GCF_015560485.1	47678	47678	ftp://ftp.ncbi.nlm.nih.gov/genomes/all/GCF/015/560/485/GCF_015560485.1_ASM1556048v1
GCF_016726305.1	47678	47678	ftp://ftp.ncbi.nlm.nih.gov/genomes/all/GCF/016/726/305/GCF_016726305.1_ASM1672630v1
GCF_018292205.1	997873	47678	ftp://ftp.ncbi.nlm.nih.gov/genomes/all/GCF/018/292/205/GCF_018292205.1_ASM1829220v1
GCF_003508775.1	47678	47678	ftp://ftp.ncbi.nlm.nih.gov/genomes/all/GCF/003/508/775/GCF_003508775.1_ASM350877v1
GCF_008572585.1	47678	47678	ftp://ftp.ncbi.nlm.nih.gov/genomes/all/GCF/008/572/585/GCF_008572585.1_ASM857258v1
GCF_008572685.1	47678	47678	ftp://ftp.ncbi.nlm.nih.gov/genomes/all/GCF/008/572/685/GCF_008572685.1_ASM857268v1
GCF_008572665.1	47678	47678	ftp://ftp.ncbi.nlm.nih.gov/genomes/all/GCF/008/572/665/GCF_008572665.1_ASM857266v1
GCF_008572575.1	47678	47678	ftp://ftp.ncbi.nlm.nih.gov/genomes/all/GCF/008/572/575/GCF_008572575.1_ASM857257v1
GCF_015553135.1	47678	47678	ftp://ftp.ncbi.nlm.nih.gov/genomes/all/GCF/015/553/135/GCF_015553135.1_ASM1555313v1
GCF_015551865.1	47678	47678	ftp://ftp.ncbi.nlm.nih.gov/genomes/all/GCF/015/551/865/GCF_015551865.1_ASM1555186v1
GCF_003470705.1	47678	47678	ftp://ftp.ncbi.nlm.nih.gov/genomes/all/GCF/003/470/705/GCF_003470705.1_ASM347070v1
GCF_001405955.1	47678	47678	ftp://ftp.ncbi.nlm.nih.gov/genomes/all/GCF/001/405/955/GCF_001405955.1_14207_7_3
GCF_008416155.1	47678	47678	ftp://ftp.ncbi.nlm.nih.gov/genomes/all/GCF/008/416/155/GCF_008416155.1_ASM841615v1
GCF_008416305.1	47678	47678	ftp://ftp.ncbi.nlm.nih.gov/genomes/all/GCF/008/416/305/GCF_008416305.1_ASM841630v1
GCF_008416195.1	47678	47678	ftp://ftp.ncbi.nlm.nih.gov/genomes/all/GCF/008/416/195/GCF_008416195.1_ASM841619v1
GCF_001405515.1	47678	47678	ftp://ftp.ncbi.nlm.nih.gov/genomes/all/GCF/001/405/515/GCF_001405515.1_14207_7_69
GCF_008416235.1	47678	47678	ftp://ftp.ncbi.nlm.nih.gov/genomes/all/GCF/008/416/235/GCF_008416235.1_ASM841623v1
GCF_015556775.1	47678	47678	ftp://ftp.ncbi.nlm.nih.gov/genomes/all/GCF/015/556/775/GCF_015556775.1_ASM1555677v1
GCF_015549255.1	47678	47678	ftp://ftp.ncbi.nlm.nih.gov/genomes/all/GCF/015/549/255/GCF_015549255.1_ASM1554925v1
GCF_019128635.1	47678	47678	ftp://ftp.ncbi.nlm.nih.gov/genomes/all/GCF/019/128/635/GCF_019128635.1_ASM1912863v1
GCF_902388185.1	47678	47678	ftp://ftp.ncbi.nlm.nih.gov/genomes/all/GCF/902/388/185/GCF_902388185.1_UHGG_MGYG-HGUT-02549
GCF_008572465.1	47678	47678	ftp://ftp.ncbi.nlm.nih.gov/genomes/all/GCF/008/572/465/GCF_008572465.1_ASM857246v1
GCF_005844255.1	47678	47678	ftp://ftp.ncbi.nlm.nih.gov/genomes/all/GCF/005/844/255/GCF_005844255.1_ASM584425v1
GCF_000169015.1	411901	47678	ftp://ftp.ncbi.nlm.nih.gov/genomes/all/GCF/000/169/015/GCF_000169015.1_ASM16901v1
GCF_008416115.1	47678	47678	ftp://ftp.ncbi.nlm.nih.gov/genomes/all/GCF/008/416/115/GCF_008416115.1_ASM841611v1
GCF_008572545.1	47678	47678	ftp://ftp.ncbi.nlm.nih.gov/genomes/all/GCF/008/572/545/GCF_008572545.1_ASM857254v1
GCF_008416215.1	47678	47678	ftp://ftp.ncbi.nlm.nih.gov/genomes/all/GCF/008/416/215/GCF_008416215.1_ASM841621v1
GCF_002959715.1	47678	47678	ftp://ftp.ncbi.nlm.nih.gov/genomes/all/GCF/002/959/715/GCF_002959715.1_ASM295971v1
GCF_000273725.1	997873	47678	ftp://ftp.ncbi.nlm.nih.gov/genomes/all/GCF/000/273/725/GCF_000273725.1_Bact_cacc_CL03T12C61_V1
GCF_008572405.1	47678	47678	ftp://ftp.ncbi.nlm.nih.gov/genomes/all/GCF/008/572/405/GCF_008572405.1_ASM857240v1
GCF_019129235.1	47678	47678	ftp://ftp.ncbi.nlm.nih.gov/genomes/all/GCF/019/129/235/GCF_019129235.1_ASM1912923v1
GCF_003468785.1	47678	47678	ftp://ftp.ncbi.nlm.nih.gov/genomes/all/GCF/003/468/785/GCF_003468785.1_ASM346878v1
GCF_003459065.1	47678	47678	ftp://ftp.ncbi.nlm.nih.gov/genomes/all/GCF/003/459/065/GCF_003459065.1_ASM345906v1
GCF_008572445.1	47678	47678	ftp://ftp.ncbi.nlm.nih.gov/genomes/all/GCF/008/572/445/GCF_008572445.1_ASM857244v1
GCF_003463115.1	47678	47678	ftp://ftp.ncbi.nlm.nih.gov/genomes/all/GCF/003/463/115/GCF_003463115.1_ASM346311v1
GCF_015557245.1	47678	47678	ftp://ftp.ncbi.nlm.nih.gov/genomes/all/GCF/015/557/245/GCF_015557245.1_ASM1555724v1
GCF_015549345.1	47678	47678	ftp://ftp.ncbi.nlm.nih.gov/genomes/all/GCF/015/549/345/GCF_015549345.1_ASM1554934v1
GCF_008572305.1	47678	47678	ftp://ftp.ncbi.nlm.nih.gov/genomes/all/GCF/008/572/305/GCF_008572305.1_ASM857230v1
GCF_018786055.1	47678	47678	ftp://ftp.ncbi.nlm.nih.gov/genomes/all/GCF/018/786/055/GCF_018786055.1_ASM1878605v1
GCF_008572425.1	47678	47678	ftp://ftp.ncbi.nlm.nih.gov/genomes/all/GCF/008/572/425/GCF_008572425.1_ASM857242v1
GCF_008416255.1	47678	47678	ftp://ftp.ncbi.nlm.nih.gov/genomes/all/GCF/008/416/255/GCF_008416255.1_ASM841625v1
GCF_002222615.2	47678	47678	ftp://ftp.ncbi.nlm.nih.gov/genomes/all/GCF/002/222/615/GCF_002222615.2_ASM222261v2
GCF_008572635.1	47678	47678	ftp://ftp.ncbi.nlm.nih.gov/genomes/all/GCF/008/572/635/GCF_008572635.1_ASM857263v1
GCF_019128835.1	47678	47678	ftp://ftp.ncbi.nlm.nih.gov/genomes/all/GCF/019/128/835/GCF_019128835.1_ASM1912883v1
GCF_015546885.1	47678	47678	ftp://ftp.ncbi.nlm.nih.gov/genomes/all/GCF/015/546/885/GCF_015546885.1_ASM1554688v1
GCF_008572645.1	47678	47678	ftp://ftp.ncbi.nlm.nih.gov/genomes/all/GCF/008/572/645/GCF_008572645.1_ASM857264v1
GCF_008416105.1	47678	47678	ftp://ftp.ncbi.nlm.nih.gov/genomes/all/GCF/008/416/105/GCF_008416105.1_ASM841610v1
GCF_003463165.1	47678	47678	ftp://ftp.ncbi.nlm.nih.gov/genomes/all/GCF/003/463/165/GCF_003463165.1_ASM346316v1
GCF_003470465.1	47678	47678	ftp://ftp.ncbi.nlm.nih.gov/genomes/all/GCF/003/470/465/GCF_003470465.1_ASM347046v1
GCF_008416075.1	47678	47678	ftp://ftp.ncbi.nlm.nih.gov/genomes/all/GCF/008/416/075/GCF_008416075.1_ASM841607v1
GCF_008572365.1	47678	47678	ftp://ftp.ncbi.nlm.nih.gov/genomes/all/GCF/008/572/365/GCF_008572365.1_ASM857236v1
GCF_003030465.1	44139	59405	ftp://ftp.ncbi.nlm.nih.gov/genomes/all/GCF/003/030/465/GCF_003030465.1_ASM303046v1
GCF_012910805.1	59406	59406	ftp://ftp.ncbi.nlm.nih.gov/genomes/all/GCF/012/910/805/GCF_012910805.1_ASM1291080v1
GCF_013133875.1	74969	74969	ftp://ftp.ncbi.nlm.nih.gov/genomes/all/GCF/013/133/875/GCF_013133875.1_ASM1313387v1
GCF_002078355.1	74969	74969	ftp://ftp.ncbi.nlm.nih.gov/genomes/all/GCF/002/078/355/GCF_002078355.1_ASM207835v1
GCF_000426405.1	1121110	77635	ftp://ftp.ncbi.nlm.nih.gov/genomes/all/GCF/000/426/405/GCF_000426405.1_ASM42640v1
GCF_000771185.1	1121110	77635	ftp://ftp.ncbi.nlm.nih.gov/genomes/all/GCF/000/771/185/GCF_000771185.1_DSM-20096
GCF_014898195.1	77635	77635	ftp://ftp.ncbi.nlm.nih.gov/genomes/all/GCF/014/898/195/GCF_014898195.1_ASM1489819v1
GCF_000741775.1	77635	77635	ftp://ftp.ncbi.nlm.nih.gov/genomes/all/GCF/000/741/775/GCF_000741775.1_Bifsub
GCF_007830175.1	130788	130788	ftp://ftp.ncbi.nlm.nih.gov/genomes/all/GCF/007/830/175/GCF_007830175.1_ASM783017v1
GCF_001021045.1	136857	136857	ftp://ftp.ncbi.nlm.nih.gov/genomes/all/GCF/001/021/045/GCF_001021045.1_ASM102104v1
GCF_900107405.1	159292	159292	ftp://ftp.ncbi.nlm.nih.gov/genomes/all/GCF/900/107/405/GCF_900107405.1_IMG-taxon_2651870111_annotated_assembly
GCF_005217525.1	159743	159743	ftp://ftp.ncbi.nlm.nih.gov/genomes/all/GCF/005/217/525/GCF_005217525.1_ASM521752v1
GCF_000943545.1	159743	159743	ftp://ftp.ncbi.nlm.nih.gov/genomes/all/GCF/000/943/545/GCF_000943545.1_ASM94354v1
GCF_008271705.1	159743	159743	ftp://ftp.ncbi.nlm.nih.gov/genomes/all/GCF/008/271/705/GCF_008271705.1_ASM827170v1
GCF_000235585.1	985665	159743	ftp://ftp.ncbi.nlm.nih.gov/genomes/all/GCF/000/235/585/GCF_000235585.1_ASM23558v1
GCF_007680025.1	985665	159743	ftp://ftp.ncbi.nlm.nih.gov/genomes/all/GCF/007/680/025/GCF_007680025.1_ASM768002v1
GCF_003994475.1	170367	170367	ftp://ftp.ncbi.nlm.nih.gov/genomes/all/GCF/003/994/475/GCF_003994475.1_ASM399447v1
GCF_000191885.1	886379	177400	ftp://ftp.ncbi.nlm.nih.gov/genomes/all/GCF/000/191/885/GCF_000191885.1_ASM19188v1
GCF_000250735.1	1144273	177400	ftp://ftp.ncbi.nlm.nih.gov/genomes/all/GCF/000/250/735/GCF_000250735.1_ASM25073v2
GCF_000688435.1	1121362	225326	ftp://ftp.ncbi.nlm.nih.gov/genomes/all/GCF/000/688/435/GCF_000688435.1_ASM68843v1
GCF_000341345.1	1121362	225326	ftp://ftp.ncbi.nlm.nih.gov/genomes/all/GCF/000/341/345/GCF_000341345.1_ASM34134v1
GCF_001056295.1	225326	225326	ftp://ftp.ncbi.nlm.nih.gov/genomes/all/GCF/001/056/295/GCF_001056295.1_ASM105629v1
GCF_004217095.1	267800	267800	ftp://ftp.ncbi.nlm.nih.gov/genomes/all/GCF/004/217/095/GCF_004217095.1_ASM421709v1
GCF_000425445.1	1121888	281361	ftp://ftp.ncbi.nlm.nih.gov/genomes/all/GCF/000/425/445/GCF_000425445.1_ASM42544v1
GCF_001551835.1	281362	281362	ftp://ftp.ncbi.nlm.nih.gov/genomes/all/GCF/001/551/835/GCF_001551835.1_ASM155183v1
GCF_000517065.1	927658	286730	ftp://ftp.ncbi.nlm.nih.gov/genomes/all/GCF/000/517/065/GCF_000517065.1_ASM51706v1
GCF_900142105.1	1122184	288966	ftp://ftp.ncbi.nlm.nih.gov/genomes/all/GCF/900/142/105/GCF_900142105.1_IMG-taxon_2585428153_annotated_assembly
GCF_000521505.1	1247726	302406	ftp://ftp.ncbi.nlm.nih.gov/genomes/all/GCF/000/521/505/GCF_000521505.1_ASM52150v1
GCF_000219915.2	1036672	310575	ftp://ftp.ncbi.nlm.nih.gov/genomes/all/GCF/000/219/915/GCF_000219915.2_ASM21991v3
GCF_000506985.1	1424334	310575	ftp://ftp.ncbi.nlm.nih.gov/genomes/all/GCF/000/506/985/GCF_000506985.1_Advkasv1.0
GCF_014645275.1	349751	349751	ftp://ftp.ncbi.nlm.nih.gov/genomes/all/GCF/014/645/275/GCF_014645275.1_ASM1464527v1
GCF_000835165.1	1224162	349751	ftp://ftp.ncbi.nlm.nih.gov/genomes/all/GCF/000/835/165/GCF_000835165.1_ASM83516v1
GCF_000511935.2	1286632	376730	ftp://ftp.ncbi.nlm.nih.gov/genomes/all/GCF/000/511/935/GCF_000511935.2_CLCbio_CLC_Genomics_Workbench_5.5
GCF_900116365.1	376730	376730	ftp://ftp.ncbi.nlm.nih.gov/genomes/all/GCF/900/116/365/GCF_900116365.1_IMG-taxon_2619618939_annotated_assembly
GCF_012037625.1	393006	393006	ftp://ftp.ncbi.nlm.nih.gov/genomes/all/GCF/012/037/625/GCF_012037625.1_ASM1203762v1
GCF_000974365.1	1236989	472113	ftp://ftp.ncbi.nlm.nih.gov/genomes/all/GCF/000/974/365/GCF_000974365.1_ASM97436v1
GCF_902374565.1	508460	508460	ftp://ftp.ncbi.nlm.nih.gov/genomes/all/GCF/902/374/565/GCF_902374565.1_MGYG-HGUT-01389
GCF_000585335.1	866499	508460	ftp://ftp.ncbi.nlm.nih.gov/genomes/all/GCF/000/585/335/GCF_000585335.1_ASM58533v1
GCF_001310955.1	1236979	570161	ftp://ftp.ncbi.nlm.nih.gov/genomes/all/GCF/001/310/955/GCF_001310955.1_ASM131095v1
GCF_000442645.1	1224163	575200	ftp://ftp.ncbi.nlm.nih.gov/genomes/all/GCF/000/442/645/GCF_000442645.1_ASM44264v1
GCF_902388075.1	626937	626937	ftp://ftp.ncbi.nlm.nih.gov/genomes/all/GCF/902/388/075/GCF_902388075.1_UHGG_MGYG-HGUT-02523
GCF_001678855.1	626937	626937	ftp://ftp.ncbi.nlm.nih.gov/genomes/all/GCF/001/678/855/GCF_001678855.1_ASM167885v1
GCF_001571425.1	626937	626937	ftp://ftp.ncbi.nlm.nih.gov/genomes/all/GCF/001/571/425/GCF_001571425.1_ASM157142v1
GCF_003628755.1	626937	626937	ftp://ftp.ncbi.nlm.nih.gov/genomes/all/GCF/003/628/755/GCF_003628755.1_ASM362875v1
GCF_001652705.1	626937	626937	ftp://ftp.ncbi.nlm.nih.gov/genomes/all/GCF/001/652/705/GCF_001652705.1_ASM165270v1
GCF_014652395.1	797535	797535	ftp://ftp.ncbi.nlm.nih.gov/genomes/all/GCF/014/652/395/GCF_014652395.1_ASM1465239v1
GCF_900168165.1	889453	889453	ftp://ftp.ncbi.nlm.nih.gov/genomes/all/GCF/900/168/165/GCF_900168165.1_IMG-taxon_2595698211_annotated_assembly
GCF_002201795.1	889453	889453	ftp://ftp.ncbi.nlm.nih.gov/genomes/all/GCF/002/201/795/GCF_002201795.1_ASM220179v1
GCF_017873955.1	913099	913099	ftp://ftp.ncbi.nlm.nih.gov/genomes/all/GCF/017/873/955/GCF_017873955.1_ASM1787395v1
GCF_001701045.1	1197717	1197717	ftp://ftp.ncbi.nlm.nih.gov/genomes/all/GCF/001/701/045/GCF_001701045.1_ASM170104v1
GCF_012844265.1	1197717	1197717	ftp://ftp.ncbi.nlm.nih.gov/genomes/all/GCF/012/844/265/GCF_012844265.1_ASM1284426v1
GCF_001571025.1	1223515	1223514	ftp://ftp.ncbi.nlm.nih.gov/genomes/all/GCF/001/571/025/GCF_001571025.1_ASM157102v1
GCF_000819445.1	1223515	1223514	ftp://ftp.ncbi.nlm.nih.gov/genomes/all/GCF/000/819/445/GCF_000819445.1_ASM81944v1
